0.000000000000000000e+00,-3.665191429188086047e-02,0.000000000000000000e+00,4.032932302583286041e-03
3.000000000000000062e-03,-3.665191429188086047e-02,0.000000000000000000e+00,4.031710572106890489e-03
5.000000000000000104e-03,-3.665191429188086047e-02,3.839724354387524623e-03,4.031710572106890489e-03
8.000000000000000167e-03,-3.665191429188086047e-02,7.853981633974483484e-03,4.031710572106890489e-03
1.099999999999999936e-02,-3.665191429188086047e-02,1.186823891356144321e-02,4.031710572106890489e-03
1.299999999999999940e-02,-3.665191429188086047e-02,1.570796326794896697e-02,4.031710572106890489e-03
1.700000000000000122e-02,-3.665191429188086047e-02,1.954768762233649246e-02,4.031710572106890489e-03
1.900000000000000300e-02,-3.141592653589775352e-02,2.356194490192344698e-02,3.455577386023595075e-03
2.200000000000000219e-02,-3.141592653589775352e-02,2.757620218151040845e-02,3.455751918948794191e-03
2.500000000000000139e-02,-2.617993877991509066e-02,2.757620218151040845e-02,2.879618732865444133e-03
2.800000000000000058e-02,-2.094395102393153962e-02,2.757620218151040845e-02,2.303572813244694501e-03
2.999999999999999889e-02,-1.570796326794887676e-02,2.757620218151040845e-02,1.727701426549197762e-03
3.300000000000000155e-02,-1.047197551196621390e-02,2.757620218151040845e-02,1.151742773391047255e-03
3.600000000000000422e-02,-5.235987755983551040e-03,2.757620218151040845e-02,5.756968537703513987e-04
3.800000000000000600e-02,0.000000000000000000e+00,2.757620218151040845e-02,-1.745329251994396095e-07
4.100000000000000866e-02,0.000000000000000000e+00,2.757620218151040845e-02,0.000000000000000000e+00
4.300000000000001044e-02,0.000000000000000000e+00,2.757620218151040845e-02,0.000000000000000000e+00
4.600000000000001310e-02,0.000000000000000000e+00,2.757620218151040845e-02,0.000000000000000000e+00
4.800000000000001488e-02,-5.235987755983551040e-03,2.757620218151040845e-02,5.761331860833500580e-04
5.100000000000001754e-02,-5.235987755983551040e-03,2.757620218151040845e-02,5.759586531581506160e-04
5.300000000000001932e-02,-1.047197551196621390e-02,2.757620218151040845e-02,1.152091839241445922e-03
5.600000000000002198e-02,-1.570796326794887676e-02,2.757620218151040845e-02,1.728050492399596429e-03
5.900000000000002465e-02,-2.094395102393153962e-02,2.757620218151040845e-02,2.304009145557692727e-03
6.200000000000002731e-02,-2.617993877991509066e-02,2.757620218151040845e-02,2.880055065178442793e-03
6.400000000000002909e-02,-2.617993877991509066e-02,2.757620218151040845e-02,2.879793265790644118e-03
6.700000000000003175e-02,-2.617993877991509066e-02,2.757620218151040845e-02,2.879793265790644118e-03
7.000000000000003442e-02,-2.617993877991509066e-02,2.757620218151040845e-02,2.879793265790644118e-03
7.200000000000003619e-02,-2.617993877991509066e-02,2.757620218151040845e-02,2.879793265790644118e-03
7.500000000000003886e-02,-2.094395102393153962e-02,2.757620218151040845e-02,2.303660079707293626e-03
7.800000000000004152e-02,-2.094395102393153962e-02,2.757620218151040845e-02,2.303834612632493176e-03
8.100000000000004419e-02,-1.570796326794887676e-02,2.757620218151040845e-02,1.727701426549197762e-03
8.400000000000004685e-02,-1.047197551196621390e-02,2.757620218151040845e-02,1.151742773391047255e-03
8.700000000000004952e-02,-1.047197551196621390e-02,2.757620218151040845e-02,1.151917306316246588e-03
9.000000000000005218e-02,-1.047197551196621390e-02,2.757620218151040845e-02,1.151917306316246588e-03
9.300000000000005485e-02,-1.047197551196621390e-02,2.757620218151040845e-02,1.151917306316246588e-03
9.500000000000005662e-02,-1.047197551196621390e-02,2.757620218151040845e-02,1.151917306316246588e-03
9.800000000000005929e-02,-1.047197551196621390e-02,2.757620218151040845e-02,1.151917306316246588e-03
1.010000000000000620e-01,-1.570796326794887676e-02,2.757620218151040845e-02,1.728050492399596429e-03
1.040000000000000646e-01,-2.094395102393153962e-02,2.757620218151040845e-02,2.304009145557692727e-03
1.070000000000000673e-01,-2.094395102393153962e-02,2.757620218151040845e-02,2.303834612632493176e-03
1.100000000000000699e-01,-2.617993877991509066e-02,2.757620218151040845e-02,2.879967798715843234e-03
1.130000000000000726e-01,-2.617993877991509066e-02,2.757620218151040845e-02,2.879793265790644118e-03
1.150000000000000744e-01,-2.617993877991509066e-02,2.757620218151040845e-02,2.879793265790644118e-03
1.180000000000000770e-01,-2.617993877991509066e-02,2.757620218151040845e-02,2.879793265790644118e-03
1.210000000000000797e-01,-2.617993877991509066e-02,2.757620218151040845e-02,2.879793265790644118e-03
1.240000000000000824e-01,-2.617993877991509066e-02,2.757620218151040845e-02,2.879793265790644118e-03
1.270000000000000850e-01,-2.094395102393153962e-02,2.757620218151040845e-02,2.303660079707293626e-03
1.300000000000000877e-01,-2.094395102393153962e-02,2.757620218151040845e-02,2.303834612632493176e-03
1.330000000000000904e-01,-1.570796326794887676e-02,2.757620218151040845e-02,1.727701426549197762e-03
1.360000000000000930e-01,-1.570796326794887676e-02,2.757620218151040845e-02,1.727875959474397096e-03
1.390000000000000957e-01,-1.570796326794887676e-02,2.757620218151040845e-02,1.727875959474397096e-03
1.420000000000000984e-01,-1.570796326794887676e-02,2.757620218151040845e-02,1.727875959474397096e-03
1.450000000000001010e-01,-1.570796326794887676e-02,2.757620218151040845e-02,1.727875959474397096e-03
1.480000000000001037e-01,-1.570796326794887676e-02,2.757620218151040845e-02,1.727875959474397096e-03
1.510000000000001064e-01,-2.094395102393153962e-02,2.757620218151040845e-02,2.304009145557692727e-03
1.540000000000001090e-01,-2.094395102393153962e-02,2.757620218151040845e-02,2.303834612632493176e-03
1.570000000000001117e-01,-2.617993877991509066e-02,2.757620218151040845e-02,2.879967798715843234e-03
1.600000000000001144e-01,-2.617993877991509066e-02,2.757620218151040845e-02,2.879793265790644118e-03
1.630000000000001170e-01,-2.617993877991509066e-02,2.757620218151040845e-02,2.879793265790644118e-03
1.660000000000001197e-01,-2.617993877991509066e-02,2.757620218151040845e-02,2.879793265790644118e-03
1.690000000000001223e-01,-2.617993877991509066e-02,2.757620218151040845e-02,2.879793265790644118e-03
1.710000000000001241e-01,-2.617993877991509066e-02,2.757620218151040845e-02,2.879793265790644118e-03
1.740000000000001268e-01,-2.094395102393153962e-02,2.757620218151040845e-02,2.303660079707293626e-03
1.770000000000001295e-01,-2.094395102393153962e-02,2.757620218151040845e-02,2.303834612632493176e-03
1.790000000000001312e-01,-2.094395102393153962e-02,2.757620218151040845e-02,2.303834612632493176e-03
1.820000000000001339e-01,-2.094395102393153962e-02,2.757620218151040845e-02,2.303834612632493176e-03
1.850000000000001366e-01,-2.094395102393153962e-02,2.757620218151040845e-02,2.303834612632493176e-03
1.880000000000001392e-01,-2.094395102393153962e-02,2.757620218151040845e-02,2.303834612632493176e-03
1.910000000000001419e-01,-2.094395102393153962e-02,2.757620218151040845e-02,2.303834612632493176e-03
1.940000000000001446e-01,-2.617993877991509066e-02,2.757620218151040845e-02,2.879924165484543021e-03
1.980000000000001481e-01,-2.617993877991509066e-02,2.757620218151040845e-02,2.879793265790644118e-03
2.010000000000001508e-01,-2.617993877991509066e-02,2.757620218151040845e-02,2.879793265790644118e-03
2.040000000000001534e-01,-3.141592653589775352e-02,2.757620218151040845e-02,3.456013718336592867e-03
2.060000000000001552e-01,-3.141592653589775352e-02,2.757620218151040845e-02,3.455751918948794191e-03
2.090000000000001579e-01,-3.141592653589775352e-02,2.757620218151040845e-02,3.455751918948794191e-03
2.120000000000001605e-01,-3.141592653589775352e-02,2.757620218151040845e-02,3.455751918948794191e-03
2.150000000000001632e-01,-2.617993877991509066e-02,2.757620218151040845e-02,2.879618732865444133e-03
2.180000000000001659e-01,-2.617993877991509066e-02,2.757620218151040845e-02,2.879793265790644118e-03
2.210000000000001685e-01,-2.617993877991509066e-02,2.757620218151040845e-02,2.879793265790644118e-03
2.230000000000001703e-01,-2.617993877991509066e-02,2.757620218151040845e-02,2.879793265790644118e-03
2.260000000000001730e-01,-2.617993877991509066e-02,2.757620218151040845e-02,2.879793265790644118e-03
2.290000000000001756e-01,-2.617993877991509066e-02,2.757620218151040845e-02,2.879793265790644118e-03
2.310000000000001774e-01,-2.617993877991509066e-02,2.757620218151040845e-02,2.879793265790644118e-03
2.340000000000001801e-01,-2.617993877991509066e-02,2.757620218151040845e-02,2.879793265790644118e-03
2.370000000000001827e-01,-2.617993877991509066e-02,2.757620218151040845e-02,2.879793265790644118e-03
2.390000000000001845e-01,-2.617993877991509066e-02,2.757620218151040845e-02,2.879793265790644118e-03
2.420000000000001872e-01,-3.141592653589775352e-02,2.757620218151040845e-02,3.455926451873994176e-03
2.450000000000001898e-01,-3.141592653589775352e-02,2.757620218151040845e-02,3.455751918948794191e-03
2.480000000000001925e-01,-3.141592653589775352e-02,2.757620218151040845e-02,3.455751918948794191e-03
2.500000000000001665e-01,-3.141592653589775352e-02,2.757620218151040845e-02,3.455751918948794191e-03
2.530000000000001692e-01,-3.141592653589775352e-02,2.757620218151040845e-02,3.455751918948794191e-03
2.560000000000001719e-01,-3.141592653589775352e-02,2.757620218151040845e-02,3.455751918948794191e-03
2.590000000000001745e-01,-3.141592653589775352e-02,2.757620218151040845e-02,3.455751918948794191e-03
2.610000000000001763e-01,-3.141592653589775352e-02,2.757620218151040845e-02,3.455751918948794191e-03
2.640000000000001790e-01,-3.141592653589775352e-02,2.757620218151040845e-02,3.455751918948794191e-03
2.670000000000001816e-01,-3.141592653589775352e-02,2.757620218151040845e-02,3.455751918948794191e-03
2.710000000000001852e-01,-3.141592653589775352e-02,2.757620218151040845e-02,3.455751918948794191e-03
2.740000000000001878e-01,-3.141592653589775352e-02,2.757620218151040845e-02,3.455751918948794191e-03
2.770000000000001905e-01,-3.141592653589775352e-02,2.757620218151040845e-02,3.455751918948794191e-03
2.800000000000001932e-01,-3.141592653589775352e-02,2.757620218151040845e-02,3.455751918948794191e-03
2.830000000000001958e-01,-3.141592653589775352e-02,2.757620218151040845e-02,3.455751918948794191e-03
2.860000000000001985e-01,-3.665191429188086047e-02,2.757620218151040845e-02,4.031885105032089606e-03
2.890000000000002012e-01,-3.665191429188086047e-02,2.757620218151040845e-02,4.031710572106890489e-03
2.920000000000002038e-01,-3.665191429188086047e-02,3.141592653589793394e-02,4.031710572106890489e-03
2.950000000000002065e-01,-3.665191429188086047e-02,3.543018381548488499e-02,4.031710572106890489e-03
2.970000000000002083e-01,-3.665191429188086047e-02,3.926990816987241395e-02,4.031710572106890489e-03
3.000000000000002109e-01,-3.665191429188086047e-02,4.328416544945937194e-02,4.031710572106890489e-03
3.030000000000002136e-01,-3.141592653589775352e-02,4.712388980384689396e-02,3.455577386023595075e-03
3.060000000000002163e-01,-2.617993877991509066e-02,5.113814708343385890e-02,2.879662366096744346e-03
3.100000000000002198e-01,-2.094395102393153962e-02,5.113814708343385890e-02,2.303660079707293626e-03
3.130000000000002225e-01,-2.094395102393153962e-02,5.113814708343385890e-02,2.303834612632493176e-03
3.160000000000002252e-01,-1.570796326794887676e-02,5.113814708343385890e-02,1.727701426549197762e-03
3.190000000000002278e-01,-1.047197551196621390e-02,5.113814708343385890e-02,1.151742773391047255e-03
3.220000000000002305e-01,-1.047197551196621390e-02,5.113814708343385890e-02,1.151917306316246588e-03
3.240000000000002323e-01,-1.047197551196621390e-02,5.113814708343385890e-02,1.151917306316246588e-03
3.270000000000002349e-01,-1.047197551196621390e-02,5.113814708343385890e-02,1.151917306316246588e-03
3.300000000000002376e-01,-1.047197551196621390e-02,5.113814708343385890e-02,1.151917306316246588e-03
3.330000000000002403e-01,-1.047197551196621390e-02,5.113814708343385890e-02,1.151917306316246588e-03
3.360000000000002429e-01,-1.570796326794887676e-02,5.113814708343385890e-02,1.728050492399596429e-03
3.390000000000002456e-01,-2.094395102393153962e-02,5.113814708343385890e-02,2.304096412020292285e-03
3.410000000000002474e-01,-2.617993877991509066e-02,5.113814708343385890e-02,2.879967798715843234e-03
3.440000000000002500e-01,-2.617993877991509066e-02,5.113814708343385890e-02,2.879793265790644118e-03
3.470000000000002527e-01,-2.617993877991509066e-02,5.113814708343385890e-02,2.879793265790644118e-03
3.500000000000002554e-01,-3.141592653589775352e-02,5.113814708343385890e-02,3.456013718336592867e-03
3.520000000000002571e-01,-3.141592653589775352e-02,5.113814708343385890e-02,3.455751918948794191e-03
3.550000000000002598e-01,-3.141592653589775352e-02,5.113814708343385890e-02,3.455751918948794191e-03
3.580000000000002625e-01,-2.617993877991509066e-02,5.113814708343385890e-02,2.879618732865444133e-03
3.610000000000002651e-01,-2.617993877991509066e-02,5.113814708343385890e-02,2.879793265790644118e-03
3.630000000000002669e-01,-2.094395102393153962e-02,5.113814708343385890e-02,2.303660079707293626e-03
3.660000000000002696e-01,-2.094395102393153962e-02,5.113814708343385890e-02,2.303834612632493176e-03
3.690000000000002722e-01,-2.094395102393153962e-02,5.113814708343385890e-02,2.303834612632493176e-03
3.710000000000002740e-01,-2.094395102393153962e-02,5.113814708343385890e-02,2.303834612632493176e-03
3.740000000000002767e-01,-2.094395102393153962e-02,5.113814708343385890e-02,2.303834612632493176e-03
3.770000000000002793e-01,-2.094395102393153962e-02,5.113814708343385890e-02,2.303834612632493176e-03
3.810000000000002829e-01,-2.094395102393153962e-02,5.113814708343385890e-02,2.303834612632493176e-03
3.840000000000002855e-01,-2.617993877991509066e-02,5.113814708343385890e-02,2.879967798715843234e-03
3.870000000000002882e-01,-2.617993877991509066e-02,5.113814708343385890e-02,2.879793265790644118e-03
3.890000000000002900e-01,-3.141592653589775352e-02,5.113814708343385890e-02,3.455926451873994176e-03
3.920000000000002927e-01,-3.141592653589775352e-02,5.113814708343385890e-02,3.455751918948794191e-03
3.950000000000002953e-01,-3.665191429188086047e-02,5.113814708343385890e-02,4.031885105032089606e-03
3.980000000000002980e-01,-3.665191429188086047e-02,5.113814708343385890e-02,4.031710572106890489e-03
4.010000000000003006e-01,-3.665191429188086047e-02,5.497787143782137398e-02,4.031710572106890489e-03
4.030000000000003024e-01,-3.665191429188086047e-02,5.899212871740833891e-02,4.031710572106890489e-03
4.060000000000003051e-01,-3.141592653589775352e-02,6.283185307179586787e-02,3.455577386023595075e-03
4.090000000000003078e-01,-2.617993877991509066e-02,6.684611035138281199e-02,2.879618732865444133e-03
4.120000000000003104e-01,-2.617993877991509066e-02,6.684611035138281199e-02,2.879793265790644118e-03
4.150000000000003131e-01,-2.094395102393153962e-02,6.684611035138281199e-02,2.303660079707293626e-03
4.180000000000003157e-01,-1.570796326794887676e-02,6.684611035138281199e-02,1.727701426549197762e-03
4.210000000000003184e-01,-1.047197551196621390e-02,6.684611035138281199e-02,1.151742773391047255e-03
4.240000000000003211e-01,-1.047197551196621390e-02,6.684611035138281199e-02,1.151917306316246588e-03
4.260000000000003229e-01,-1.047197551196621390e-02,6.684611035138281199e-02,1.151917306316246588e-03
4.290000000000003255e-01,-1.047197551196621390e-02,6.684611035138281199e-02,1.151917306316246588e-03
4.320000000000003282e-01,-1.570796326794887676e-02,6.684611035138281199e-02,1.728137758862196421e-03
4.340000000000003300e-01,-2.094395102393153962e-02,6.684611035138281199e-02,2.304009145557692727e-03
4.370000000000003326e-01,-2.617993877991509066e-02,6.684611035138281199e-02,2.879967798715843234e-03
4.400000000000003353e-01,-2.617993877991509066e-02,6.684611035138281199e-02,2.879793265790644118e-03
4.430000000000003380e-01,-3.141592653589775352e-02,6.684611035138281199e-02,3.456013718336592867e-03
4.450000000000003397e-01,-3.141592653589775352e-02,6.684611035138281199e-02,3.455751918948794191e-03
4.480000000000003424e-01,-3.141592653589775352e-02,6.684611035138281199e-02,3.455751918948794191e-03
4.500000000000003442e-01,-3.141592653589775352e-02,6.684611035138281199e-02,3.455751918948794191e-03
4.540000000000003477e-01,-3.141592653589775352e-02,6.684611035138281199e-02,3.455751918948794191e-03
4.570000000000003504e-01,-2.617993877991509066e-02,6.684611035138281199e-02,2.879618732865444133e-03
4.600000000000003531e-01,-2.617993877991509066e-02,6.684611035138281199e-02,2.879793265790644118e-03
4.630000000000003557e-01,-2.617993877991509066e-02,6.684611035138281199e-02,2.879793265790644118e-03
4.650000000000003575e-01,-2.094395102393153962e-02,6.684611035138281199e-02,2.303660079707293626e-03
4.680000000000003602e-01,-2.094395102393153962e-02,6.684611035138281199e-02,2.303834612632493176e-03
4.710000000000003628e-01,-2.094395102393153962e-02,6.684611035138281199e-02,2.303834612632493176e-03
4.740000000000003655e-01,-2.617993877991509066e-02,6.684611035138281199e-02,2.879967798715843234e-03
4.770000000000003681e-01,-3.141592653589775352e-02,6.684611035138281199e-02,3.455926451873994176e-03
4.800000000000003708e-01,-3.141592653589775352e-02,6.684611035138281199e-02,3.455751918948794191e-03
4.820000000000003726e-01,-3.665191429188086047e-02,6.684611035138281199e-02,4.031885105032089606e-03
4.850000000000003753e-01,-3.665191429188086047e-02,6.684611035138281199e-02,4.031710572106890489e-03
4.880000000000003779e-01,-4.188790204786396743e-02,7.068583470577033401e-02,4.607800124958940334e-03
4.920000000000003815e-01,-4.188790204786396743e-02,7.470009198535730588e-02,4.607669225265040996e-03
4.950000000000003841e-01,-3.665191429188086047e-02,7.853981633974482790e-02,4.031536039181690505e-03
4.980000000000003868e-01,-3.665191429188086047e-02,8.255407361933178589e-02,4.031710572106890489e-03
5.010000000000003340e-01,-3.141592653589775352e-02,8.639379797371932179e-02,3.455490119560995516e-03
5.030000000000003357e-01,-2.617993877991509066e-02,9.040805525330626591e-02,2.879618732865444133e-03
5.060000000000003384e-01,-2.094395102393153962e-02,9.040805525330626591e-02,2.303660079707293626e-03
5.090000000000003411e-01,-1.047197551196621390e-02,9.040805525330626591e-02,1.151568240465847704e-03
5.120000000000003437e-01,-1.047197551196621390e-02,9.040805525330626591e-02,1.151917306316246588e-03
5.150000000000003464e-01,-5.235987755983551040e-03,9.040805525330626591e-02,5.756968537703513987e-04
5.170000000000003482e-01,-5.235987755983551040e-03,9.040805525330626591e-02,5.759586531581506160e-04
5.200000000000003508e-01,-5.235987755983551040e-03,9.040805525330626591e-02,5.759586531581506160e-04
5.230000000000003535e-01,-1.047197551196621390e-02,9.040805525330626591e-02,1.152091839241445922e-03
5.260000000000003562e-01,-1.570796326794887676e-02,9.040805525330626591e-02,1.728006859168296433e-03
5.300000000000003597e-01,-2.094395102393153962e-02,9.040805525330626591e-02,2.304009145557692727e-03
5.330000000000003624e-01,-2.617993877991509066e-02,9.040805525330626591e-02,2.880055065178442793e-03
5.350000000000003642e-01,-3.141592653589775352e-02,9.040805525330626591e-02,3.455926451873994176e-03
5.380000000000003668e-01,-3.141592653589775352e-02,9.040805525330626591e-02,3.455751918948794191e-03
5.410000000000003695e-01,-3.141592653589775352e-02,9.040805525330626591e-02,3.455751918948794191e-03
5.440000000000003721e-01,-3.141592653589775352e-02,9.040805525330626591e-02,3.455751918948794191e-03
5.470000000000003748e-01,-3.141592653589775352e-02,9.040805525330626591e-02,3.455751918948794191e-03
5.490000000000003766e-01,-3.141592653589775352e-02,9.040805525330626591e-02,3.455751918948794191e-03
5.520000000000003793e-01,-2.617993877991509066e-02,9.040805525330626591e-02,2.879618732865444133e-03
5.550000000000003819e-01,-2.094395102393153962e-02,9.040805525330626591e-02,2.303660079707293626e-03
5.580000000000003846e-01,-2.094395102393153962e-02,9.040805525330626591e-02,2.303834612632493176e-03
5.610000000000003872e-01,-2.094395102393153962e-02,9.040805525330626591e-02,2.303834612632493176e-03
5.640000000000003899e-01,-2.094395102393153962e-02,9.040805525330626591e-02,2.303834612632493176e-03
5.670000000000003926e-01,-2.094395102393153962e-02,9.040805525330626591e-02,2.303834612632493176e-03
5.700000000000003952e-01,-2.617993877991509066e-02,9.040805525330626591e-02,2.879967798715843234e-03
5.730000000000003979e-01,-3.141592653589775352e-02,9.040805525330626591e-02,3.456013718336592867e-03
5.750000000000003997e-01,-3.665191429188086047e-02,9.040805525330626591e-02,4.031885105032089606e-03
5.780000000000004023e-01,-4.188790204786396743e-02,9.040805525330626591e-02,4.607843758190240981e-03
5.810000000000004050e-01,-4.188790204786396743e-02,9.424777960769378793e-02,4.607669225265040996e-03
5.840000000000004077e-01,-4.188790204786396743e-02,9.826203688728075980e-02,4.607669225265040996e-03
5.870000000000004103e-01,-4.188790204786396743e-02,1.021017612416682679e-01,4.607669225265040996e-03
5.900000000000004130e-01,-4.188790204786396743e-02,1.059414855960558038e-01,4.607669225265040996e-03
5.930000000000004157e-01,-3.665191429188086047e-02,1.099557428756427480e-01,4.031536039181690505e-03
5.960000000000004183e-01,-3.141592653589775352e-02,1.139700001552297198e-01,3.455577386023595075e-03
5.990000000000004210e-01,-2.617993877991509066e-02,1.178097245096172418e-01,2.879618732865444133e-03
6.020000000000004237e-01,-1.570796326794887676e-02,1.178097245096172418e-01,1.727526893623998212e-03
6.050000000000004263e-01,-1.047197551196621390e-02,1.178097245096172418e-01,1.151742773391047255e-03
6.080000000000004290e-01,-1.047197551196621390e-02,1.178097245096172418e-01,1.151917306316246588e-03
6.110000000000004317e-01,-5.235987755983551040e-03,1.178097245096172418e-01,5.757841202329512824e-04
6.140000000000004343e-01,-5.235987755983551040e-03,1.178097245096172418e-01,5.759586531581506160e-04
6.160000000000004361e-01,-5.235987755983551040e-03,1.178097245096172418e-01,5.759586531581506160e-04
6.190000000000004388e-01,-1.047197551196621390e-02,1.178097245096172418e-01,1.152091839241445922e-03
6.220000000000004414e-01,-1.570796326794887676e-02,1.178097245096172418e-01,1.728050492399596429e-03
6.250000000000004441e-01,-2.094395102393153962e-02,1.178097245096172418e-01,2.304009145557692727e-03
6.280000000000004468e-01,-2.617993877991509066e-02,1.178097245096172418e-01,2.880055065178442793e-03
6.300000000000004485e-01,-3.141592653589775352e-02,1.178097245096172418e-01,3.455926451873994176e-03
6.330000000000004512e-01,-3.665191429188086047e-02,1.178097245096172418e-01,4.031885105032089606e-03
6.360000000000004539e-01,-3.665191429188086047e-02,1.178097245096172418e-01,4.031710572106890489e-03
6.400000000000004574e-01,-3.665191429188086047e-02,1.218239817892041998e-01,4.031710572106890489e-03
6.430000000000004601e-01,-3.665191429188086047e-02,1.256637061435917357e-01,4.031710572106890489e-03
6.460000000000004627e-01,-3.665191429188086047e-02,1.296779634231786660e-01,4.031710572106890489e-03
6.490000000000004654e-01,-3.141592653589775352e-02,1.335176877775662019e-01,3.455577386023595075e-03
6.520000000000004681e-01,-2.617993877991509066e-02,1.375319450571531599e-01,2.879618732865444133e-03
6.550000000000004707e-01,-2.094395102393153962e-02,1.375319450571531599e-01,2.303572813244694501e-03
6.570000000000004725e-01,-1.570796326794887676e-02,1.375319450571531599e-01,1.727701426549197762e-03
6.600000000000004752e-01,-1.047197551196621390e-02,1.375319450571531599e-01,1.151742773391047255e-03
6.630000000000004778e-01,-5.235987755983551040e-03,1.375319450571531599e-01,5.757841202329512824e-04
6.660000000000004805e-01,0.000000000000000000e+00,1.375319450571531599e-01,-1.745329251994396095e-07
6.690000000000004832e-01,0.000000000000000000e+00,1.375319450571531599e-01,0.000000000000000000e+00
6.720000000000004858e-01,0.000000000000000000e+00,1.375319450571531599e-01,0.000000000000000000e+00
6.740000000000004876e-01,-5.235987755983551040e-03,1.375319450571531599e-01,5.761331860833500580e-04
6.770000000000004903e-01,-1.047197551196621390e-02,1.375319450571531599e-01,1.152091839241445922e-03
6.800000000000004929e-01,-1.570796326794887676e-02,1.375319450571531599e-01,1.728137758862196421e-03
6.820000000000004947e-01,-2.094395102393153962e-02,1.375319450571531599e-01,2.304009145557692727e-03
6.850000000000004974e-01,-3.141592653589775352e-02,1.375319450571531599e-01,3.456100984799192859e-03
6.880000000000005000e-01,-3.665191429188086047e-02,1.375319450571531599e-01,4.031972371494689164e-03
6.900000000000005018e-01,-4.188790204786396743e-02,1.375319450571531599e-01,4.607843758190240981e-03
6.930000000000005045e-01,-4.188790204786396743e-02,1.413716694115406680e-01,4.607669225265040996e-03
6.960000000000005071e-01,-4.188790204786396743e-02,1.452113937659282317e-01,4.607669225265040996e-03
6.990000000000005098e-01,-4.188790204786396743e-02,1.492256510455151897e-01,4.607669225265040996e-03
7.020000000000005125e-01,-4.188790204786396743e-02,1.530653753999026978e-01,4.607669225265040996e-03
7.050000000000005151e-01,-4.188790204786396743e-02,1.570796326794896558e-01,4.607669225265040996e-03
7.070000000000005169e-01,-3.665191429188086047e-02,1.610938899590766138e-01,4.031536039181690505e-03
7.100000000000005196e-01,-2.617993877991509066e-02,1.649336143134641219e-01,2.879531466402844575e-03
7.140000000000005231e-01,-2.094395102393153962e-02,1.689478715930510799e-01,2.303660079707293626e-03
7.170000000000005258e-01,-1.047197551196621390e-02,1.689478715930510799e-01,1.151393707540648154e-03
7.190000000000005276e-01,0.000000000000000000e+00,1.689478715930510799e-01,-3.490658503988626489e-07
7.220000000000005302e-01,1.047197551196576981e-02,1.689478715930510799e-01,-1.152266372166645689e-03
7.250000000000005329e-01,1.570796326794887676e-02,1.689478715930510799e-01,-1.728050492399596429e-03
7.280000000000005356e-01,2.094395102393198371e-02,1.689478715930510799e-01,-2.304009145557692727e-03
7.310000000000005382e-01,2.094395102393198371e-02,1.689478715930510799e-01,-2.303834612632493176e-03
7.340000000000005409e-01,2.094395102393198371e-02,1.689478715930510799e-01,-2.303834612632493176e-03
7.370000000000005436e-01,2.094395102393198371e-02,1.689478715930510799e-01,-2.303834612632493176e-03
7.390000000000005453e-01,1.047197551196576981e-02,1.689478715930510799e-01,-1.151568240465847704e-03
7.420000000000005480e-01,5.235987755983551040e-03,1.689478715930510799e-01,-5.757841202329512824e-04
7.450000000000005507e-01,-5.235987755983551040e-03,1.689478715930510799e-01,5.763077190085493916e-04
7.480000000000005533e-01,-1.570796326794887676e-02,1.689478715930510799e-01,1.728225025324796197e-03
7.510000000000005560e-01,-2.094395102393153962e-02,1.689478715930510799e-01,2.304009145557692727e-03
7.540000000000005587e-01,-3.141592653589775352e-02,1.689478715930510799e-01,3.456100984799192859e-03
7.570000000000005613e-01,-3.665191429188086047e-02,1.689478715930510799e-01,4.031972371494689164e-03
7.590000000000005631e-01,-3.665191429188086047e-02,1.689478715930510799e-01,4.031710572106890489e-03
7.620000000000005658e-01,-4.188790204786396743e-02,1.727875959474386436e-01,4.607843758190240981e-03
7.650000000000005684e-01,-4.188790204786396743e-02,1.768018532270256016e-01,4.607669225265040996e-03
7.680000000000005711e-01,-4.188790204786396743e-02,1.806415775814131097e-01,4.607669225265040996e-03
7.700000000000005729e-01,-3.665191429188086047e-02,1.844813019358006179e-01,4.031536039181690505e-03
7.730000000000005755e-01,-2.617993877991509066e-02,1.884955592153875759e-01,2.879444199940245450e-03
7.760000000000005782e-01,-2.094395102393153962e-02,1.923352835697751118e-01,2.303660079707293626e-03
7.790000000000005809e-01,-1.047197551196621390e-02,1.923352835697751118e-01,1.151568240465847704e-03
7.820000000000005835e-01,0.000000000000000000e+00,1.923352835697751118e-01,-3.490658503988626489e-07
7.850000000000005862e-01,1.047197551196576981e-02,1.923352835697751118e-01,-1.152266372166645689e-03
7.880000000000005889e-01,1.570796326794887676e-02,1.923352835697751118e-01,-1.728050492399596429e-03
7.910000000000005915e-01,2.094395102393198371e-02,1.923352835697751118e-01,-2.304009145557692727e-03
7.940000000000005942e-01,2.094395102393198371e-02,1.923352835697751118e-01,-2.303834612632493176e-03
7.970000000000005969e-01,2.094395102393198371e-02,1.923352835697751118e-01,-2.303834612632493176e-03
7.990000000000005986e-01,2.094395102393198371e-02,1.923352835697751118e-01,-2.303834612632493176e-03
8.020000000000006013e-01,1.047197551196576981e-02,1.923352835697751118e-01,-1.151568240465847704e-03
8.050000000000006040e-01,5.235987755983551040e-03,1.923352835697751118e-01,-5.757841202329512824e-04
8.080000000000006066e-01,-5.235987755983551040e-03,1.923352835697751118e-01,5.763077190085493916e-04
8.110000000000006093e-01,-1.570796326794887676e-02,1.923352835697751118e-01,1.728225025324796197e-03
8.140000000000006120e-01,-2.617993877991509066e-02,1.923352835697751118e-01,2.880142331641042785e-03
8.170000000000006146e-01,-3.141592653589775352e-02,1.923352835697751118e-01,3.456013718336592867e-03
8.190000000000006164e-01,-3.665191429188086047e-02,1.923352835697751118e-01,4.031841471800788959e-03
8.230000000000006199e-01,-3.665191429188086047e-02,1.923352835697751118e-01,4.031710572106890489e-03
8.260000000000006226e-01,-3.665191429188086047e-02,1.963495408493620697e-01,4.031710572106890489e-03
8.290000000000006253e-01,-3.665191429188086047e-02,2.003637981289490277e-01,4.031710572106890489e-03
8.320000000000006279e-01,-3.141592653589775352e-02,2.042035224833365359e-01,3.455577386023595075e-03
8.350000000000006306e-01,-2.094395102393153962e-02,2.082177797629234939e-01,2.303485546782094509e-03
8.380000000000006333e-01,-1.047197551196621390e-02,2.082177797629234939e-01,1.151393707540648154e-03
8.400000000000006350e-01,0.000000000000000000e+00,2.082177797629234939e-01,-3.490658503988626489e-07
8.430000000000006377e-01,5.235987755983551040e-03,2.082177797629234939e-01,-5.761331860833500580e-04
8.460000000000006404e-01,1.570796326794887676e-02,2.082177797629234939e-01,-1.728225025324796197e-03
8.490000000000006430e-01,2.094395102393198371e-02,2.082177797629234939e-01,-2.304009145557692727e-03
8.520000000000006457e-01,2.094395102393198371e-02,2.082177797629234939e-01,-2.303834612632493176e-03
8.540000000000006475e-01,2.094395102393198371e-02,2.082177797629234939e-01,-2.303834612632493176e-03
8.580000000000006510e-01,2.094395102393198371e-02,2.082177797629234939e-01,-2.303834612632493176e-03
8.600000000000006528e-01,1.570796326794887676e-02,2.082177797629234939e-01,-1.727701426549197762e-03
8.630000000000006555e-01,5.235987755983551040e-03,2.082177797629234939e-01,-5.756095873077517319e-04
8.660000000000006581e-01,-5.235987755983551040e-03,2.082177797629234939e-01,5.763077190085493916e-04
8.690000000000006608e-01,-1.570796326794887676e-02,2.082177797629234939e-01,1.728225025324796197e-03
8.720000000000006635e-01,-2.094395102393153962e-02,2.082177797629234939e-01,2.304009145557692727e-03
8.750000000000006661e-01,-3.141592653589775352e-02,2.082177797629234939e-01,3.456100984799192859e-03
8.780000000000006688e-01,-3.665191429188086047e-02,2.082177797629234939e-01,4.031885105032089606e-03
8.810000000000006715e-01,-3.665191429188086047e-02,2.082177797629234939e-01,4.031710572106890489e-03
8.840000000000006741e-01,-3.665191429188086047e-02,2.120575041173110575e-01,4.031710572106890489e-03
8.860000000000006759e-01,-3.665191429188086047e-02,2.160717613968980155e-01,4.031710572106890489e-03
8.890000000000006786e-01,-3.141592653589775352e-02,2.199114857512854959e-01,3.455577386023595075e-03
8.920000000000006812e-01,-2.094395102393153962e-02,2.237512101056730596e-01,2.303572813244694501e-03
8.960000000000006848e-01,-1.570796326794887676e-02,2.237512101056730596e-01,1.727614160086598204e-03
8.980000000000006866e-01,-5.235987755983551040e-03,2.237512101056730596e-01,5.756095873077517319e-04
9.010000000000006892e-01,5.235987755983551040e-03,2.237512101056730596e-01,-5.763077190085493916e-04
9.040000000000006919e-01,1.047197551196576981e-02,2.237512101056730596e-01,-1.152091839241445922e-03
9.070000000000006946e-01,1.570796326794887676e-02,2.237512101056730596e-01,-1.728050492399596429e-03
9.100000000000006972e-01,1.570796326794887676e-02,2.237512101056730596e-01,-1.727875959474397096e-03
9.130000000000006999e-01,1.570796326794887676e-02,2.237512101056730596e-01,-1.727875959474397096e-03
9.160000000000007025e-01,1.570796326794887676e-02,2.237512101056730596e-01,-1.727875959474397096e-03
9.180000000000007043e-01,1.047197551196576981e-02,2.237512101056730596e-01,-1.151742773391047255e-03
9.210000000000007070e-01,0.000000000000000000e+00,2.237512101056730596e-01,2.617993877991469734e-07
9.250000000000007105e-01,-1.047197551196621390e-02,2.237512101056730596e-01,1.152266372166645689e-03
9.280000000000007132e-01,-1.570796326794887676e-02,2.237512101056730596e-01,1.728137758862196421e-03
9.300000000000007150e-01,-2.617993877991509066e-02,2.237512101056730596e-01,2.880142331641042785e-03
9.330000000000007176e-01,-3.141592653589775352e-02,2.237512101056730596e-01,3.455926451873994176e-03
9.360000000000007203e-01,-3.141592653589775352e-02,2.237512101056730596e-01,3.455751918948794191e-03
9.390000000000007230e-01,-3.141592653589775352e-02,2.237512101056730596e-01,3.455751918948794191e-03
9.420000000000007256e-01,-3.141592653589775352e-02,2.237512101056730596e-01,3.455751918948794191e-03
9.450000000000007283e-01,-3.141592653589775352e-02,2.237512101056730596e-01,3.455751918948794191e-03
9.470000000000007301e-01,-2.617993877991509066e-02,2.237512101056730596e-01,2.879618732865444133e-03
9.500000000000007327e-01,-1.570796326794887676e-02,2.237512101056730596e-01,1.727526893623998212e-03
9.530000000000007354e-01,-1.047197551196621390e-02,2.237512101056730596e-01,1.151742773391047255e-03
9.560000000000007381e-01,-5.235987755983551040e-03,2.237512101056730596e-01,5.757841202329512824e-04
9.590000000000007407e-01,0.000000000000000000e+00,2.237512101056730596e-01,-1.745329251994396095e-07
9.620000000000007434e-01,0.000000000000000000e+00,2.237512101056730596e-01,0.000000000000000000e+00
9.650000000000007461e-01,0.000000000000000000e+00,2.237512101056730596e-01,0.000000000000000000e+00
9.680000000000007487e-01,0.000000000000000000e+00,2.237512101056730596e-01,0.000000000000000000e+00
9.710000000000007514e-01,-5.235987755983551040e-03,2.237512101056730596e-01,5.762204525459497248e-04
9.730000000000007532e-01,-1.047197551196621390e-02,2.237512101056730596e-01,1.152091839241445922e-03
9.760000000000007558e-01,-1.570796326794887676e-02,2.237512101056730596e-01,1.728050492399596429e-03
9.790000000000007585e-01,-2.617993877991509066e-02,2.237512101056730596e-01,2.880142331641042785e-03
9.820000000000007612e-01,-3.141592653589775352e-02,2.237512101056730596e-01,3.455926451873994176e-03
9.850000000000007638e-01,-3.141592653589775352e-02,2.237512101056730596e-01,3.455751918948794191e-03
9.870000000000007656e-01,-3.665191429188086047e-02,2.237512101056730596e-01,4.031885105032089606e-03
9.900000000000007683e-01,-3.665191429188086047e-02,2.237512101056730596e-01,4.031710572106890489e-03
9.930000000000007709e-01,-3.665191429188086047e-02,2.277654673852600176e-01,4.031710572106890489e-03
9.960000000000007736e-01,-3.141592653589775352e-02,2.316051917396474980e-01,3.455577386023595075e-03
9.990000000000007763e-01,-2.617993877991509066e-02,2.356194490192344837e-01,2.879618732865444133e-03
1.002000000000000668e+00,-1.570796326794887676e-02,2.356194490192344837e-01,1.727526893623998212e-03
1.005000000000000560e+00,-1.047197551196621390e-02,2.356194490192344837e-01,1.151742773391047255e-03
1.008000000000000451e+00,-5.235987755983551040e-03,2.356194490192344837e-01,5.757841202329512824e-04
1.011000000000000343e+00,0.000000000000000000e+00,2.356194490192344837e-01,-2.617993877991593613e-07
1.013000000000000345e+00,5.235987755983551040e-03,2.356194490192344837e-01,-5.761331860833500580e-04
1.016000000000000236e+00,5.235987755983551040e-03,2.356194490192344837e-01,-5.759586531581506160e-04
1.019000000000000128e+00,5.235987755983551040e-03,2.356194490192344837e-01,-5.759586531581506160e-04
1.022000000000000020e+00,5.235987755983551040e-03,2.356194490192344837e-01,-5.759586531581506160e-04
1.024999999999999911e+00,-5.235987755983551040e-03,2.356194490192344837e-01,5.763077190085493916e-04
1.027999999999999803e+00,-1.047197551196621390e-02,2.356194490192344837e-01,1.152091839241445922e-03
1.030999999999999694e+00,-1.570796326794887676e-02,2.356194490192344837e-01,1.728137758862196421e-03
1.032999999999999696e+00,-2.094395102393153962e-02,2.356194490192344837e-01,2.304009145557692727e-03
1.035999999999999588e+00,-2.617993877991509066e-02,2.356194490192344837e-01,2.879967798715843234e-03
1.038999999999999480e+00,-3.141592653589775352e-02,2.356194490192344837e-01,3.455882818642693963e-03
1.042999999999999483e+00,-3.141592653589775352e-02,2.356194490192344837e-01,3.455751918948794191e-03
1.045999999999999375e+00,-3.141592653589775352e-02,2.356194490192344837e-01,3.455751918948794191e-03
1.048999999999999266e+00,-2.617993877991509066e-02,2.356194490192344837e-01,2.879531466402844575e-03
1.050999999999999268e+00,-2.094395102393153962e-02,2.356194490192344837e-01,2.303660079707293626e-03
1.053999999999999160e+00,-1.570796326794887676e-02,2.356194490192344837e-01,1.727701426549197762e-03
1.056999999999999051e+00,-1.570796326794887676e-02,2.356194490192344837e-01,1.727875959474397096e-03
1.059999999999998943e+00,-1.047197551196621390e-02,2.356194490192344837e-01,1.151742773391047255e-03
1.062999999999998835e+00,-1.047197551196621390e-02,2.356194490192344837e-01,1.151917306316246588e-03
1.064999999999998836e+00,-1.047197551196621390e-02,2.356194490192344837e-01,1.151917306316246588e-03
1.067999999999998728e+00,-1.047197551196621390e-02,2.356194490192344837e-01,1.151917306316246588e-03
1.069999999999998730e+00,-1.047197551196621390e-02,2.356194490192344837e-01,1.151917306316246588e-03
1.072999999999998622e+00,-1.570796326794887676e-02,2.356194490192344837e-01,1.728006859168296433e-03
1.076999999999998625e+00,-2.094395102393153962e-02,2.356194490192344837e-01,2.304096412020292285e-03
1.078999999999998627e+00,-2.094395102393153962e-02,2.356194490192344837e-01,2.303834612632493176e-03
1.081999999999998519e+00,-2.617993877991509066e-02,2.356194490192344837e-01,2.879967798715843234e-03
1.084999999999998410e+00,-3.141592653589775352e-02,2.356194490192344837e-01,3.455926451873994176e-03
1.087999999999998302e+00,-3.665191429188086047e-02,2.356194490192344837e-01,4.031885105032089606e-03
1.090999999999998193e+00,-3.665191429188086047e-02,2.356194490192344837e-01,4.031710572106890489e-03
1.093999999999998085e+00,-3.665191429188086047e-02,2.396337062988214417e-01,4.031710572106890489e-03
1.096999999999997977e+00,-3.665191429188086047e-02,2.434734306532089498e-01,4.031710572106890489e-03
1.099999999999997868e+00,-3.141592653589775352e-02,2.474876879327959356e-01,3.455490119560995516e-03
1.101999999999997870e+00,-2.617993877991509066e-02,2.513274122871834715e-01,2.879618732865444133e-03
1.104999999999997762e+00,-2.094395102393153962e-02,2.513274122871834715e-01,2.303660079707293626e-03
1.107999999999997653e+00,-1.047197551196621390e-02,2.513274122871834715e-01,1.151568240465847704e-03
1.110999999999997545e+00,-5.235987755983551040e-03,2.513274122871834715e-01,5.757841202329512824e-04
1.113999999999997437e+00,0.000000000000000000e+00,2.513274122871834715e-01,-1.745329251994396095e-07
1.116999999999997328e+00,0.000000000000000000e+00,2.513274122871834715e-01,0.000000000000000000e+00
1.119999999999997220e+00,0.000000000000000000e+00,2.513274122871834715e-01,0.000000000000000000e+00
1.122999999999997112e+00,0.000000000000000000e+00,2.513274122871834715e-01,0.000000000000000000e+00
1.125999999999997003e+00,0.000000000000000000e+00,2.513274122871834715e-01,0.000000000000000000e+00
1.127999999999997005e+00,-5.235987755983551040e-03,2.513274122871834715e-01,5.761331860833500580e-04
1.130999999999996897e+00,-1.047197551196621390e-02,2.513274122871834715e-01,1.152091839241445922e-03
1.133999999999996788e+00,-1.570796326794887676e-02,2.513274122871834715e-01,1.728050492399596429e-03
1.136999999999996680e+00,-2.094395102393153962e-02,2.513274122871834715e-01,2.304009145557692727e-03
1.139999999999996572e+00,-2.617993877991509066e-02,2.513274122871834715e-01,2.879967798715843234e-03
1.142999999999996463e+00,-3.141592653589775352e-02,2.513274122871834715e-01,3.456013718336592867e-03
1.144999999999996465e+00,-3.141592653589775352e-02,2.513274122871834715e-01,3.455751918948794191e-03
1.148999999999996469e+00,-3.141592653589775352e-02,2.513274122871834715e-01,3.455751918948794191e-03
1.151999999999996360e+00,-3.141592653589775352e-02,2.513274122871834715e-01,3.455751918948794191e-03
1.154999999999996252e+00,-2.617993877991509066e-02,2.513274122871834715e-01,2.879618732865444133e-03
1.157999999999996144e+00,-2.094395102393153962e-02,2.513274122871834715e-01,2.303660079707293626e-03
1.160999999999996035e+00,-1.570796326794887676e-02,2.513274122871834715e-01,1.727701426549197762e-03
1.163999999999995927e+00,-1.570796326794887676e-02,2.513274122871834715e-01,1.727875959474397096e-03
1.166999999999995818e+00,-1.047197551196621390e-02,2.513274122871834715e-01,1.151742773391047255e-03
1.169999999999995710e+00,-1.047197551196621390e-02,2.513274122871834715e-01,1.151917306316246588e-03
1.172999999999995602e+00,-1.047197551196621390e-02,2.513274122871834715e-01,1.151917306316246588e-03
1.174999999999995604e+00,-1.570796326794887676e-02,2.513274122871834715e-01,1.728050492399596429e-03
1.177999999999995495e+00,-1.570796326794887676e-02,2.513274122871834715e-01,1.727875959474397096e-03
1.180999999999995387e+00,-2.094395102393153962e-02,2.513274122871834715e-01,2.304009145557692727e-03
1.183999999999995278e+00,-2.617993877991509066e-02,2.513274122871834715e-01,2.879967798715843234e-03
1.186999999999995170e+00,-3.141592653589775352e-02,2.513274122871834715e-01,3.455926451873994176e-03
1.189999999999995062e+00,-3.141592653589775352e-02,2.513274122871834715e-01,3.455751918948794191e-03
1.192999999999994953e+00,-3.665191429188086047e-02,2.513274122871834715e-01,4.031885105032089606e-03
1.195999999999994845e+00,-3.665191429188086047e-02,2.513274122871834715e-01,4.031710572106890489e-03
1.198999999999994737e+00,-3.665191429188086047e-02,2.553416695667704017e-01,4.031710572106890489e-03
1.201999999999994628e+00,-3.141592653589775352e-02,2.591813939211579099e-01,3.455577386023595075e-03
1.204999999999994520e+00,-3.141592653589775352e-02,2.630211182755454735e-01,3.455751918948794191e-03
1.206999999999994522e+00,-2.617993877991509066e-02,2.630211182755454735e-01,2.879618732865444133e-03
1.209999999999994413e+00,-2.094395102393153962e-02,2.630211182755454735e-01,2.303660079707293626e-03
1.212999999999994305e+00,-1.570796326794887676e-02,2.630211182755454735e-01,1.727701426549197762e-03
1.215999999999994197e+00,-1.570796326794887676e-02,2.630211182755454735e-01,1.727875959474397096e-03
1.218999999999994088e+00,-1.047197551196621390e-02,2.630211182755454735e-01,1.151655506928447479e-03
1.220999999999994090e+00,-1.047197551196621390e-02,2.630211182755454735e-01,1.151917306316246588e-03
1.224999999999994094e+00,-1.047197551196621390e-02,2.630211182755454735e-01,1.151917306316246588e-03
1.227999999999993985e+00,-1.047197551196621390e-02,2.630211182755454735e-01,1.151917306316246588e-03
1.229999999999993987e+00,-1.570796326794887676e-02,2.630211182755454735e-01,1.728050492399596429e-03
1.232999999999993879e+00,-2.094395102393153962e-02,2.630211182755454735e-01,2.304009145557692727e-03
1.235999999999993770e+00,-2.617993877991509066e-02,2.630211182755454735e-01,2.879967798715843234e-03
1.238999999999993662e+00,-3.141592653589775352e-02,2.630211182755454735e-01,3.455926451873994176e-03
1.241999999999993554e+00,-3.141592653589775352e-02,2.630211182755454735e-01,3.455751918948794191e-03
1.243999999999993555e+00,-3.141592653589775352e-02,2.630211182755454735e-01,3.455751918948794191e-03
1.246999999999993447e+00,-3.665191429188086047e-02,2.630211182755454735e-01,4.031885105032089606e-03
1.249999999999993339e+00,-3.665191429188086047e-02,2.630211182755454735e-01,4.031710572106890489e-03
1.252999999999993230e+00,-3.665191429188086047e-02,2.670353755551324038e-01,4.031710572106890489e-03
1.255999999999993122e+00,-3.141592653589775352e-02,2.708750999095199674e-01,3.455577386023595075e-03
1.258999999999993014e+00,-3.141592653589775352e-02,2.748893571891068976e-01,3.455751918948794191e-03
1.260999999999993015e+00,-2.617993877991509066e-02,2.748893571891068976e-01,2.879618732865444133e-03
1.263999999999992907e+00,-2.094395102393153962e-02,2.748893571891068976e-01,2.303660079707293626e-03
1.266999999999992799e+00,-1.570796326794887676e-02,2.748893571891068976e-01,1.727701426549197762e-03
1.269999999999992690e+00,-1.570796326794887676e-02,2.748893571891068976e-01,1.727875959474397096e-03
1.272999999999992582e+00,-1.047197551196621390e-02,2.748893571891068976e-01,1.151742773391047255e-03
1.275999999999992474e+00,-1.047197551196621390e-02,2.748893571891068976e-01,1.151917306316246588e-03
1.277999999999992475e+00,-1.047197551196621390e-02,2.748893571891068976e-01,1.151917306316246588e-03
1.280999999999992367e+00,-1.047197551196621390e-02,2.748893571891068976e-01,1.151917306316246588e-03
1.283999999999992259e+00,-1.570796326794887676e-02,2.748893571891068976e-01,1.728050492399596429e-03
1.286999999999992150e+00,-2.094395102393153962e-02,2.748893571891068976e-01,2.304009145557692727e-03
1.289999999999992042e+00,-2.094395102393153962e-02,2.748893571891068976e-01,2.303834612632493176e-03
1.291999999999992044e+00,-2.617993877991509066e-02,2.748893571891068976e-01,2.879967798715843234e-03
1.294999999999991935e+00,-3.141592653589775352e-02,2.748893571891068976e-01,3.455926451873994176e-03
1.297999999999991827e+00,-3.665191429188086047e-02,2.748893571891068976e-01,4.031885105032089606e-03
1.300999999999991719e+00,-3.665191429188086047e-02,2.748893571891068976e-01,4.031710572106890489e-03
1.303999999999991610e+00,-3.665191429188086047e-02,2.789036144686938834e-01,4.031710572106890489e-03
1.306999999999991502e+00,-3.665191429188086047e-02,2.827433388230813360e-01,4.031710572106890489e-03
1.309999999999991394e+00,-3.665191429188086047e-02,2.865830631774688997e-01,4.031710572106890489e-03
1.312999999999991285e+00,-3.141592653589775352e-02,2.905973204570558299e-01,3.455577386023595075e-03
1.315999999999991177e+00,-2.617993877991509066e-02,2.944370448114433936e-01,2.879618732865444133e-03
1.318999999999991068e+00,-2.094395102393153962e-02,2.944370448114433936e-01,2.303572813244694501e-03
1.320999999999991070e+00,-1.570796326794887676e-02,2.944370448114433936e-01,1.727701426549197762e-03
1.323999999999990962e+00,-1.047197551196621390e-02,2.944370448114433936e-01,1.151742773391047255e-03
1.326999999999990854e+00,-5.235987755983551040e-03,2.944370448114433936e-01,5.757841202329512824e-04
1.329999999999990745e+00,0.000000000000000000e+00,2.944370448114433936e-01,-1.745329251994396095e-07
1.332999999999990637e+00,0.000000000000000000e+00,2.944370448114433936e-01,0.000000000000000000e+00
1.335999999999990528e+00,0.000000000000000000e+00,2.944370448114433936e-01,0.000000000000000000e+00
1.338999999999990420e+00,0.000000000000000000e+00,2.944370448114433936e-01,0.000000000000000000e+00
1.340999999999990422e+00,-5.235987755983551040e-03,2.944370448114433936e-01,5.761331860833500580e-04
1.343999999999990314e+00,-1.047197551196621390e-02,2.944370448114433936e-01,1.152091839241445922e-03
1.346999999999990205e+00,-1.570796326794887676e-02,2.944370448114433936e-01,1.728137758862196421e-03
1.348999999999990207e+00,-2.094395102393153962e-02,2.944370448114433936e-01,2.304009145557692727e-03
1.351999999999990099e+00,-2.617993877991509066e-02,2.944370448114433936e-01,2.879967798715843234e-03
1.354999999999989990e+00,-3.141592653589775352e-02,2.944370448114433936e-01,3.455926451873994176e-03
1.357999999999989882e+00,-3.665191429188086047e-02,2.944370448114433936e-01,4.031972371494689164e-03
1.359999999999989884e+00,-3.665191429188086047e-02,2.944370448114433936e-01,4.031710572106890489e-03
1.362999999999989775e+00,-3.665191429188086047e-02,2.984513020910303793e-01,4.031710572106890489e-03
1.366999999999989779e+00,-3.665191429188086047e-02,3.022910264454178320e-01,4.031710572106890489e-03
1.369999999999989670e+00,-3.141592653589775352e-02,3.063052837250048177e-01,3.455577386023595075e-03
1.372999999999989562e+00,-2.617993877991509066e-02,3.101450080793923259e-01,2.879618732865444133e-03
1.375999999999989454e+00,-2.094395102393153962e-02,3.101450080793923259e-01,2.303572813244694501e-03
1.377999999999989456e+00,-1.047197551196621390e-02,3.101450080793923259e-01,1.151568240465847704e-03
1.380999999999989347e+00,-5.235987755983551040e-03,3.101450080793923259e-01,5.757841202329512824e-04
1.383999999999989239e+00,0.000000000000000000e+00,3.101450080793923259e-01,-1.745329251994396095e-07
1.386999999999989130e+00,5.235987755983551040e-03,3.101450080793923259e-01,-5.762204525459497248e-04
1.388999999999989132e+00,5.235987755983551040e-03,3.101450080793923259e-01,-5.759586531581506160e-04
1.391999999999989024e+00,5.235987755983551040e-03,3.101450080793923259e-01,-5.759586531581506160e-04
1.394999999999988916e+00,0.000000000000000000e+00,3.101450080793923259e-01,1.745329251994396095e-07
1.397999999999988807e+00,-5.235987755983551040e-03,3.101450080793923259e-01,5.761331860833500580e-04
1.400999999999988699e+00,-1.570796326794887676e-02,3.101450080793923259e-01,1.728137758862196421e-03
1.404999999999988702e+00,-2.094395102393153962e-02,3.101450080793923259e-01,2.304096412020292285e-03
1.406999999999988704e+00,-3.141592653589775352e-02,3.101450080793923259e-01,3.456100984799192859e-03
1.409999999999988596e+00,-3.141592653589775352e-02,3.101450080793923259e-01,3.455751918948794191e-03
1.412999999999988487e+00,-3.665191429188086047e-02,3.101450080793923259e-01,4.031885105032089606e-03
1.415999999999988379e+00,-3.665191429188086047e-02,3.101450080793923259e-01,4.031710572106890489e-03
1.418999999999988271e+00,-3.665191429188086047e-02,3.141592653589793116e-01,4.031710572106890489e-03
1.421999999999988162e+00,-3.141592653589775352e-02,3.179989897133668197e-01,3.455577386023595075e-03
1.424999999999988054e+00,-3.141592653589775352e-02,3.220132469929538055e-01,3.455751918948794191e-03
1.427999999999987946e+00,-2.094395102393153962e-02,3.220132469929538055e-01,2.303311013856894959e-03
1.429999999999987947e+00,-1.570796326794887676e-02,3.220132469929538055e-01,1.727701426549197762e-03
1.432999999999987839e+00,-1.047197551196621390e-02,3.220132469929538055e-01,1.151742773391047255e-03
1.435999999999987731e+00,-5.235987755983551040e-03,3.220132469929538055e-01,5.757841202329512824e-04
1.438999999999987622e+00,0.000000000000000000e+00,3.220132469929538055e-01,-1.745329251994396095e-07
1.441999999999987514e+00,0.000000000000000000e+00,3.220132469929538055e-01,0.000000000000000000e+00
1.444999999999987406e+00,0.000000000000000000e+00,3.220132469929538055e-01,0.000000000000000000e+00
1.447999999999987297e+00,-5.235987755983551040e-03,3.220132469929538055e-01,5.762204525459497248e-04
1.449999999999987299e+00,-1.047197551196621390e-02,3.220132469929538055e-01,1.152091839241445922e-03
1.452999999999987191e+00,-1.570796326794887676e-02,3.220132469929538055e-01,1.728050492399596429e-03
1.455999999999987082e+00,-2.617993877991509066e-02,3.220132469929538055e-01,2.880142331641042785e-03
1.458999999999986974e+00,-3.141592653589775352e-02,3.220132469929538055e-01,3.456013718336592867e-03
1.460999999999986976e+00,-3.665191429188086047e-02,3.220132469929538055e-01,4.031885105032089606e-03
1.463999999999986867e+00,-4.188790204786396743e-02,3.220132469929538055e-01,4.607843758190240981e-03
1.466999999999986759e+00,-4.188790204786396743e-02,3.258529713473413691e-01,4.607669225265040996e-03
1.469999999999986651e+00,-4.188790204786396743e-02,3.298672286269282439e-01,4.607669225265040996e-03
1.472999999999986542e+00,-3.665191429188086047e-02,3.337069529813158075e-01,4.031536039181690505e-03
1.475999999999986434e+00,-3.141592653589775352e-02,3.377212102609027933e-01,3.455577386023595075e-03
1.478999999999986326e+00,-2.617993877991509066e-02,3.415609346152903014e-01,2.879618732865444133e-03
1.481999999999986217e+00,-1.570796326794887676e-02,3.415609346152903014e-01,1.727526893623998212e-03
1.484999999999986109e+00,-1.047197551196621390e-02,3.415609346152903014e-01,1.151742773391047255e-03
1.487999999999986001e+00,0.000000000000000000e+00,3.415609346152903014e-01,-5.235987755982939468e-07
1.489999999999986002e+00,0.000000000000000000e+00,3.415609346152903014e-01,0.000000000000000000e+00
1.492999999999985894e+00,5.235987755983551040e-03,3.415609346152903014e-01,-5.761331860833500580e-04
1.495999999999985786e+00,5.235987755983551040e-03,3.415609346152903014e-01,-5.759586531581506160e-04
1.498999999999985677e+00,0.000000000000000000e+00,3.415609346152903014e-01,1.745329251994396095e-07
1.501999999999985569e+00,-5.235987755983551040e-03,3.415609346152903014e-01,5.761331860833500580e-04
1.504999999999985461e+00,-1.047197551196621390e-02,3.415609346152903014e-01,1.152091839241445922e-03
1.507999999999985352e+00,-2.094395102393153962e-02,3.415609346152903014e-01,2.304358211408091394e-03
1.509999999999985354e+00,-3.141592653589775352e-02,3.415609346152903014e-01,3.456013718336592867e-03
1.513999999999985357e+00,-3.665191429188086047e-02,3.415609346152903014e-01,4.031885105032089606e-03
1.516999999999985249e+00,-3.665191429188086047e-02,3.415609346152903014e-01,4.031710572106890489e-03
1.519999999999985141e+00,-4.188790204786396743e-02,3.455751918948772872e-01,4.607931024652839672e-03
1.521999999999985143e+00,-4.188790204786396743e-02,3.494149162492647398e-01,4.607669225265040996e-03
1.524999999999985034e+00,-4.188790204786396743e-02,3.534291735288517255e-01,4.607669225265040996e-03
1.527999999999984926e+00,-3.665191429188086047e-02,3.572688978832391782e-01,4.031536039181690505e-03
1.530999999999984817e+00,-2.617993877991509066e-02,3.612831551628262194e-01,2.879444199940245450e-03
1.533999999999984709e+00,-2.094395102393153962e-02,3.651228795172137831e-01,2.303660079707293626e-03
1.536999999999984601e+00,-1.047197551196621390e-02,3.651228795172137831e-01,1.151568240465847704e-03
1.539999999999984492e+00,0.000000000000000000e+00,3.651228795172137831e-01,-3.490658503988626489e-07
1.542999999999984384e+00,5.235987755983551040e-03,3.651228795172137831e-01,-5.761331860833500580e-04
1.545999999999984276e+00,1.047197551196576981e-02,3.651228795172137831e-01,-1.152091839241445922e-03
1.548999999999984167e+00,1.047197551196576981e-02,3.651228795172137831e-01,-1.151917306316246588e-03
1.552999999999984171e+00,1.047197551196576981e-02,3.651228795172137831e-01,-1.151917306316246588e-03
1.555999999999984063e+00,5.235987755983551040e-03,3.651228795172137831e-01,-5.757841202329512824e-04
1.558999999999983954e+00,0.000000000000000000e+00,3.651228795172137831e-01,2.617993877991593613e-07
1.560999999999983956e+00,-1.047197551196621390e-02,3.651228795172137831e-01,1.152179105704045697e-03
1.564999999999983959e+00,-2.094395102393153962e-02,3.651228795172137831e-01,2.304358211408091394e-03
1.566999999999983961e+00,-2.617993877991509066e-02,3.651228795172137831e-01,2.879967798715843234e-03
1.569999999999983853e+00,-3.665191429188086047e-02,3.651228795172137831e-01,4.032059637957288722e-03
1.572999999999983745e+00,-3.665191429188086047e-02,3.651228795172137831e-01,4.031710572106890489e-03
1.575999999999983636e+00,-4.188790204786396743e-02,3.691371367968007133e-01,4.607843758190240981e-03
1.578999999999983528e+00,-4.188790204786396743e-02,3.729768611511882215e-01,4.607669225265040996e-03
1.581999999999983419e+00,-4.188790204786396743e-02,3.769911184307751517e-01,4.607669225265040996e-03
1.584999999999983311e+00,-3.665191429188086047e-02,3.808308427851627154e-01,4.031536039181690505e-03
1.587999999999983203e+00,-3.141592653589775352e-02,3.848451000647496456e-01,3.455577386023595075e-03
1.590999999999983094e+00,-2.617993877991509066e-02,3.886848244191371538e-01,2.879531466402844575e-03
1.592999999999983096e+00,-1.570796326794887676e-02,3.886848244191371538e-01,1.727526893623998212e-03
1.595999999999982988e+00,-5.235987755983551040e-03,3.886848244191371538e-01,5.756095873077517319e-04
1.598999999999982879e+00,0.000000000000000000e+00,3.886848244191371538e-01,-1.745329251994396095e-07
1.601999999999982771e+00,1.047197551196576981e-02,3.886848244191371538e-01,-1.152266372166645689e-03
1.604999999999982663e+00,1.047197551196576981e-02,3.886848244191371538e-01,-1.151917306316246588e-03
1.607999999999982554e+00,1.570796326794887676e-02,3.886848244191371538e-01,-1.728050492399596429e-03
1.610999999999982446e+00,1.570796326794887676e-02,3.886848244191371538e-01,-1.727875959474397096e-03
1.613999999999982338e+00,1.570796326794887676e-02,3.886848244191371538e-01,-1.727875959474397096e-03
1.615999999999982339e+00,1.047197551196576981e-02,3.886848244191371538e-01,-1.151742773391047255e-03
1.618999999999982231e+00,5.235987755983551040e-03,3.886848244191371538e-01,-5.757841202329512824e-04
1.621999999999982123e+00,-5.235987755983551040e-03,3.886848244191371538e-01,5.762204525459497248e-04
1.625999999999982126e+00,-1.047197551196621390e-02,3.886848244191371538e-01,1.152179105704045697e-03
1.627999999999982128e+00,-2.094395102393153962e-02,3.886848244191371538e-01,2.304183678482891844e-03
1.630999999999982020e+00,-2.617993877991509066e-02,3.886848244191371538e-01,2.879967798715843234e-03
1.633999999999981911e+00,-3.141592653589775352e-02,3.886848244191371538e-01,3.455926451873994176e-03
1.636999999999981803e+00,-3.665191429188086047e-02,3.886848244191371538e-01,4.031885105032089606e-03
1.639999999999981695e+00,-3.665191429188086047e-02,3.886848244191371538e-01,4.031710572106890489e-03
1.642999999999981586e+00,-3.665191429188086047e-02,3.926990816987241395e-01,4.031710572106890489e-03
1.645999999999981478e+00,-3.665191429188086047e-02,3.965388060531116476e-01,4.031710572106890489e-03
1.648999999999981370e+00,-3.665191429188086047e-02,4.005530633326986334e-01,4.031710572106890489e-03
1.651999999999981261e+00,-3.141592653589775352e-02,4.043927876870861970e-01,3.455577386023595075e-03
1.654999999999981153e+00,-2.617993877991509066e-02,4.084070449666730718e-01,2.879531466402844575e-03
1.656999999999981155e+00,-1.570796326794887676e-02,4.084070449666730718e-01,1.727614160086598204e-03
1.660999999999981158e+00,-5.235987755983551040e-03,4.084070449666730718e-01,5.756095873077517319e-04
1.663999999999981050e+00,0.000000000000000000e+00,4.084070449666730718e-01,-1.745329251994396095e-07
1.666999999999980941e+00,1.047197551196576981e-02,4.084070449666730718e-01,-1.152266372166645689e-03
1.669999999999980833e+00,1.570796326794887676e-02,4.084070449666730718e-01,-1.728050492399596429e-03
1.672999999999980725e+00,1.570796326794887676e-02,4.084070449666730718e-01,-1.727875959474397096e-03
1.674999999999980727e+00,1.570796326794887676e-02,4.084070449666730718e-01,-1.727875959474397096e-03
1.677999999999980618e+00,1.570796326794887676e-02,4.084070449666730718e-01,-1.727875959474397096e-03
1.680999999999980510e+00,1.570796326794887676e-02,4.084070449666730718e-01,-1.727875959474397096e-03
1.683999999999980401e+00,1.047197551196576981e-02,4.084070449666730718e-01,-1.151742773391047255e-03
1.686999999999980293e+00,0.000000000000000000e+00,4.084070449666730718e-01,5.235987755982939468e-07
1.688999999999980295e+00,-5.235987755983551040e-03,4.084070449666730718e-01,5.761331860833500580e-04
1.691999999999980187e+00,-1.570796326794887676e-02,4.084070449666730718e-01,1.728225025324796197e-03
1.694999999999980078e+00,-2.617993877991509066e-02,4.084070449666730718e-01,2.880055065178442793e-03
1.698999999999980082e+00,-3.141592653589775352e-02,4.084070449666730718e-01,3.455926451873994176e-03
1.701999999999979973e+00,-3.141592653589775352e-02,4.084070449666730718e-01,3.455751918948794191e-03
1.704999999999979865e+00,-3.665191429188086047e-02,4.084070449666730718e-01,4.031885105032089606e-03
1.707999999999979757e+00,-3.665191429188086047e-02,4.084070449666730718e-01,4.031710572106890489e-03
1.709999999999979758e+00,-3.665191429188086047e-02,4.122467693210606354e-01,4.031710572106890489e-03
1.712999999999979650e+00,-3.141592653589775352e-02,4.162610266006476212e-01,3.455577386023595075e-03
1.715999999999979542e+00,-2.617993877991509066e-02,4.201007509550350738e-01,2.879618732865444133e-03
1.718999999999979433e+00,-2.094395102393153962e-02,4.201007509550350738e-01,2.303660079707293626e-03
1.721999999999979325e+00,-1.047197551196621390e-02,4.201007509550350738e-01,1.151568240465847704e-03
1.724999999999979217e+00,-5.235987755983551040e-03,4.201007509550350738e-01,5.757841202329512824e-04
1.727999999999979108e+00,0.000000000000000000e+00,4.201007509550350738e-01,-1.745329251994396095e-07
1.730999999999979000e+00,1.047197551196576981e-02,4.201007509550350738e-01,-1.152266372166645689e-03
1.733999999999978892e+00,1.047197551196576981e-02,4.201007509550350738e-01,-1.151917306316246588e-03
1.736999999999978783e+00,1.047197551196576981e-02,4.201007509550350738e-01,-1.151917306316246588e-03
1.739999999999978675e+00,1.047197551196576981e-02,4.201007509550350738e-01,-1.151917306316246588e-03
1.742999999999978566e+00,1.047197551196576981e-02,4.201007509550350738e-01,-1.151917306316246588e-03
1.745999999999978458e+00,5.235987755983551040e-03,4.201007509550350738e-01,-5.756968537703513987e-04
1.747999999999978460e+00,-5.235987755983551040e-03,4.201007509550350738e-01,5.763077190085493916e-04
1.750999999999978352e+00,-1.047197551196621390e-02,4.201007509550350738e-01,1.152091839241445922e-03
1.753999999999978243e+00,-2.094395102393153962e-02,4.201007509550350738e-01,2.304183678482891844e-03
1.756999999999978135e+00,-2.617993877991509066e-02,4.201007509550350738e-01,2.879967798715843234e-03
1.759999999999978026e+00,-3.141592653589775352e-02,4.201007509550350738e-01,3.455926451873994176e-03
1.762999999999977918e+00,-3.665191429188086047e-02,4.201007509550350738e-01,4.031972371494689164e-03
1.764999999999977920e+00,-3.665191429188086047e-02,4.201007509550350738e-01,4.031710572106890489e-03
1.767999999999977812e+00,-3.665191429188086047e-02,4.241150082346221151e-01,4.031710572106890489e-03
1.771999999999977815e+00,-3.665191429188086047e-02,4.279547325890095677e-01,4.031710572106890489e-03
1.773999999999977817e+00,-3.141592653589775352e-02,4.319689898685966090e-01,3.455621019254894854e-03
1.777999999999977820e+00,-2.094395102393153962e-02,4.358087142229840616e-01,2.303311013856894959e-03
1.779999999999977822e+00,-1.570796326794887676e-02,4.358087142229840616e-01,1.727745059780497758e-03
1.783999999999977826e+00,-5.235987755983551040e-03,4.358087142229840616e-01,5.754350543825521814e-04
1.785999999999977828e+00,5.235987755983551040e-03,4.358087142229840616e-01,-5.763077190085493916e-04
1.788999999999977719e+00,1.047197551196576981e-02,4.358087142229840616e-01,-1.152091839241445922e-03
1.791999999999977611e+00,1.570796326794887676e-02,4.358087142229840616e-01,-1.728050492399596429e-03
1.794999999999977502e+00,1.570796326794887676e-02,4.358087142229840616e-01,-1.727875959474397096e-03
1.797999999999977394e+00,1.570796326794887676e-02,4.358087142229840616e-01,-1.727875959474397096e-03
1.800999999999977286e+00,1.570796326794887676e-02,4.358087142229840616e-01,-1.727875959474397096e-03
1.803999999999977177e+00,1.047197551196576981e-02,4.358087142229840616e-01,-1.151655506928447479e-03
1.805999999999977179e+00,0.000000000000000000e+00,4.358087142229840616e-01,3.490658503988626489e-07
1.808999999999977071e+00,-5.235987755983551040e-03,4.358087142229840616e-01,5.761331860833500580e-04
1.811999999999976962e+00,-1.570796326794887676e-02,4.358087142229840616e-01,1.728225025324796197e-03
1.814999999999976854e+00,-2.094395102393153962e-02,4.358087142229840616e-01,2.304009145557692727e-03
1.817999999999976746e+00,-2.617993877991509066e-02,4.358087142229840616e-01,2.879967798715843234e-03
1.820999999999976637e+00,-3.141592653589775352e-02,4.358087142229840616e-01,3.455926451873994176e-03
1.823999999999976529e+00,-3.141592653589775352e-02,4.358087142229840616e-01,3.455751918948794191e-03
1.826999999999976421e+00,-3.141592653589775352e-02,4.358087142229840616e-01,3.455751918948794191e-03
1.829999999999976312e+00,-3.141592653589775352e-02,4.358087142229840616e-01,3.455751918948794191e-03
1.832999999999976204e+00,-2.617993877991509066e-02,4.358087142229840616e-01,2.879531466402844575e-03
1.834999999999976206e+00,-2.094395102393153962e-02,4.358087142229840616e-01,2.303660079707293626e-03
1.837999999999976097e+00,-1.570796326794887676e-02,4.358087142229840616e-01,1.727701426549197762e-03
1.840999999999975989e+00,-1.047197551196621390e-02,4.358087142229840616e-01,1.151742773391047255e-03
1.843999999999975881e+00,-5.235987755983551040e-03,4.358087142229840616e-01,5.757841202329512824e-04
1.846999999999975772e+00,0.000000000000000000e+00,4.358087142229840616e-01,-1.745329251994396095e-07
1.849999999999975664e+00,0.000000000000000000e+00,4.358087142229840616e-01,0.000000000000000000e+00
1.852999999999975556e+00,0.000000000000000000e+00,4.358087142229840616e-01,0.000000000000000000e+00
1.854999999999975557e+00,-5.235987755983551040e-03,4.358087142229840616e-01,5.761331860833500580e-04
1.857999999999975449e+00,-1.047197551196621390e-02,4.358087142229840616e-01,1.152091839241445922e-03
1.860999999999975341e+00,-1.570796326794887676e-02,4.358087142229840616e-01,1.728050492399596429e-03
1.863999999999975232e+00,-2.094395102393153962e-02,4.358087142229840616e-01,2.304009145557692727e-03
1.866999999999975124e+00,-2.617993877991509066e-02,4.358087142229840616e-01,2.880055065178442793e-03
1.868999999999975126e+00,-3.141592653589775352e-02,4.358087142229840616e-01,3.455926451873994176e-03
1.871999999999975017e+00,-3.665191429188086047e-02,4.358087142229840616e-01,4.031885105032089606e-03
1.874999999999974909e+00,-3.665191429188086047e-02,4.358087142229840616e-01,4.031710572106890489e-03
1.877999999999974801e+00,-3.665191429188086047e-02,4.398229715025709918e-01,4.031710572106890489e-03
1.880999999999974692e+00,-3.665191429188086047e-02,4.436626958569585555e-01,4.031710572106890489e-03
1.883999999999974584e+00,-3.141592653589775352e-02,4.476769531365454857e-01,3.455577386023595075e-03
1.886999999999974476e+00,-2.617993877991509066e-02,4.515166774909330494e-01,2.879618732865444133e-03
1.889999999999974367e+00,-1.570796326794887676e-02,4.515166774909330494e-01,1.727352360698798878e-03
1.891999999999974369e+00,-1.047197551196621390e-02,4.515166774909330494e-01,1.151742773391047255e-03
1.894999999999974261e+00,-5.235987755983551040e-03,4.515166774909330494e-01,5.757841202329512824e-04
1.897999999999974152e+00,0.000000000000000000e+00,4.515166774909330494e-01,-1.745329251994396095e-07
1.900999999999974044e+00,0.000000000000000000e+00,4.515166774909330494e-01,0.000000000000000000e+00
1.903999999999973936e+00,0.000000000000000000e+00,4.515166774909330494e-01,0.000000000000000000e+00
1.905999999999973937e+00,0.000000000000000000e+00,4.515166774909330494e-01,0.000000000000000000e+00
1.908999999999973829e+00,0.000000000000000000e+00,4.515166774909330494e-01,0.000000000000000000e+00
1.911999999999973721e+00,-5.235987755983551040e-03,4.515166774909330494e-01,5.762204525459497248e-04
1.913999999999973722e+00,-1.570796326794887676e-02,4.515166774909330494e-01,1.728137758862196421e-03
1.917999999999973726e+00,-2.094395102393153962e-02,4.515166774909330494e-01,2.304009145557692727e-03
1.920999999999973618e+00,-3.141592653589775352e-02,4.515166774909330494e-01,3.456100984799192859e-03
1.923999999999973509e+00,-3.141592653589775352e-02,4.515166774909330494e-01,3.455751918948794191e-03
1.925999999999973511e+00,-3.665191429188086047e-02,4.515166774909330494e-01,4.031885105032089606e-03
1.928999999999973403e+00,-3.665191429188086047e-02,4.515166774909330494e-01,4.031710572106890489e-03
1.931999999999973294e+00,-3.665191429188086047e-02,4.555309347705200351e-01,4.031710572106890489e-03
1.934999999999973186e+00,-3.141592653589775352e-02,4.593706591249075433e-01,3.455577386023595075e-03
1.937999999999973078e+00,-2.617993877991509066e-02,4.633849164044944735e-01,2.879618732865444133e-03
1.940999999999972969e+00,-2.094395102393153962e-02,4.633849164044944735e-01,2.303572813244694501e-03
1.942999999999972971e+00,-1.047197551196621390e-02,4.633849164044944735e-01,1.151568240465847704e-03
1.945999999999972863e+00,-5.235987755983551040e-03,4.633849164044944735e-01,5.757841202329512824e-04
1.948999999999972754e+00,0.000000000000000000e+00,4.633849164044944735e-01,-1.745329251994396095e-07
1.951999999999972646e+00,0.000000000000000000e+00,4.633849164044944735e-01,0.000000000000000000e+00
1.955999999999972649e+00,0.000000000000000000e+00,4.633849164044944735e-01,0.000000000000000000e+00
1.957999999999972651e+00,0.000000000000000000e+00,4.633849164044944735e-01,0.000000000000000000e+00
1.960999999999972543e+00,-5.235987755983551040e-03,4.633849164044944735e-01,5.761331860833500580e-04
1.963999999999972434e+00,-1.570796326794887676e-02,4.633849164044944735e-01,1.728399558249995530e-03
1.965999999999972436e+00,-2.094395102393153962e-02,4.633849164044944735e-01,2.304009145557692727e-03
1.968999999999972328e+00,-2.617993877991509066e-02,4.633849164044944735e-01,2.879967798715843234e-03
1.971999999999972220e+00,-3.141592653589775352e-02,4.633849164044944735e-01,3.455926451873994176e-03
1.974999999999972111e+00,-3.665191429188086047e-02,4.633849164044944735e-01,4.031885105032089606e-03
1.977999999999972003e+00,-3.665191429188086047e-02,4.633849164044944735e-01,4.031710572106890489e-03
1.980999999999971894e+00,-3.665191429188086047e-02,4.672246407588820372e-01,4.031710572106890489e-03
1.983999999999971786e+00,-3.665191429188086047e-02,4.712388980384689674e-01,4.031710572106890489e-03
1.985999999999971788e+00,-3.141592653589775352e-02,4.750786223928565311e-01,3.455621019254894854e-03
1.989999999999971791e+00,-2.094395102393153962e-02,4.790928796724434613e-01,2.303485546782094509e-03
1.992999999999971683e+00,-1.570796326794887676e-02,4.790928796724434613e-01,1.727701426549197762e-03
1.995999999999971575e+00,-1.047197551196621390e-02,4.790928796724434613e-01,1.151742773391047255e-03
1.998999999999971466e+00,-5.235987755983551040e-03,4.790928796724434613e-01,5.757841202329512824e-04
2.001999999999971358e+00,0.000000000000000000e+00,4.790928796724434613e-01,-1.745329251994396095e-07
2.004999999999971472e+00,0.000000000000000000e+00,4.790928796724434613e-01,0.000000000000000000e+00
2.007999999999971585e+00,0.000000000000000000e+00,4.790928796724434613e-01,0.000000000000000000e+00
2.010999999999971699e+00,0.000000000000000000e+00,4.790928796724434613e-01,0.000000000000000000e+00
2.012999999999971479e+00,-5.235987755983551040e-03,4.790928796724434613e-01,5.761331860833500580e-04
2.015999999999971593e+00,-1.570796326794887676e-02,4.790928796724434613e-01,1.728225025324796197e-03
2.018999999999971706e+00,-2.094395102393153962e-02,4.790928796724434613e-01,2.304009145557692727e-03
2.021999999999971820e+00,-2.617993877991509066e-02,4.790928796724434613e-01,2.879967798715843234e-03
2.024999999999971934e+00,-3.141592653589775352e-02,4.790928796724434613e-01,3.455926451873994176e-03
2.027999999999972047e+00,-3.665191429188086047e-02,4.790928796724434613e-01,4.031885105032089606e-03
2.030999999999972161e+00,-3.665191429188086047e-02,4.790928796724434613e-01,4.031710572106890489e-03
2.033999999999972275e+00,-3.665191429188086047e-02,4.829326040268310249e-01,4.031710572106890489e-03
2.036999999999972388e+00,-3.141592653589775352e-02,4.869468613064178997e-01,3.455577386023595075e-03
2.039999999999972502e+00,-2.617993877991509066e-02,4.907865856608054633e-01,2.879618732865444133e-03
2.042999999999972616e+00,-2.094395102393153962e-02,4.907865856608054633e-01,2.303572813244694501e-03
2.044999999999972395e+00,-1.570796326794887676e-02,4.907865856608054633e-01,1.727701426549197762e-03
2.047999999999972509e+00,-1.047197551196621390e-02,4.907865856608054633e-01,1.151742773391047255e-03
2.050999999999972623e+00,-5.235987755983551040e-03,4.907865856608054633e-01,5.757841202329512824e-04
2.053999999999972736e+00,0.000000000000000000e+00,4.907865856608054633e-01,-1.745329251994396095e-07
2.056999999999972850e+00,0.000000000000000000e+00,4.907865856608054633e-01,0.000000000000000000e+00
2.059999999999972964e+00,0.000000000000000000e+00,4.907865856608054633e-01,0.000000000000000000e+00
2.062999999999973078e+00,-5.235987755983551040e-03,4.907865856608054633e-01,5.761331860833500580e-04
2.065999999999973191e+00,-1.047197551196621390e-02,4.907865856608054633e-01,1.152179105704045697e-03
2.067999999999972971e+00,-1.570796326794887676e-02,4.907865856608054633e-01,1.728050492399596429e-03
2.070999999999973085e+00,-2.094395102393153962e-02,4.907865856608054633e-01,2.304009145557692727e-03
2.073999999999973198e+00,-2.617993877991509066e-02,4.907865856608054633e-01,2.880055065178442793e-03
2.075999999999972978e+00,-3.141592653589775352e-02,4.907865856608054633e-01,3.455926451873994176e-03
2.078999999999973092e+00,-3.665191429188086047e-02,4.907865856608054633e-01,4.031885105032089606e-03
2.081999999999973205e+00,-3.665191429188086047e-02,4.907865856608054633e-01,4.031710572106890489e-03
2.084999999999973319e+00,-3.665191429188086047e-02,4.948008429403923936e-01,4.031710572106890489e-03
2.086999999999973099e+00,-3.665191429188086047e-02,4.986405672947799572e-01,4.031710572106890489e-03
2.089999999999973213e+00,-3.665191429188086047e-02,5.026548245743669430e-01,4.031710572106890489e-03
2.092999999999973326e+00,-3.141592653589775352e-02,5.064945489287543401e-01,3.455577386023595075e-03
2.095999999999973440e+00,-2.094395102393153962e-02,5.105088062083413813e-01,2.303572813244694501e-03
2.099999999999973443e+00,-1.570796326794887676e-02,5.105088062083413813e-01,1.727614160086598204e-03
2.101999999999973223e+00,-5.235987755983551040e-03,5.105088062083413813e-01,5.756095873077517319e-04
2.104999999999973337e+00,0.000000000000000000e+00,5.105088062083413813e-01,-1.745329251994396095e-07
2.107999999999973451e+00,5.235987755983551040e-03,5.105088062083413813e-01,-5.761331860833500580e-04
2.110999999999973564e+00,5.235987755983551040e-03,5.105088062083413813e-01,-5.759586531581506160e-04
2.113999999999973678e+00,5.235987755983551040e-03,5.105088062083413813e-01,-5.759586531581506160e-04
2.116999999999973792e+00,5.235987755983551040e-03,5.105088062083413813e-01,-5.759586531581506160e-04
2.119999999999973905e+00,0.000000000000000000e+00,5.105088062083413813e-01,1.745329251994396095e-07
2.122999999999974019e+00,-5.235987755983551040e-03,5.105088062083413813e-01,5.761331860833500580e-04
2.125999999999974133e+00,-1.047197551196621390e-02,5.105088062083413813e-01,1.152091839241445922e-03
2.128999999999974246e+00,-2.094395102393153962e-02,5.105088062083413813e-01,2.304183678482891844e-03
2.131999999999974360e+00,-2.617993877991509066e-02,5.105088062083413813e-01,2.880055065178442793e-03
2.133999999999974140e+00,-3.141592653589775352e-02,5.105088062083413813e-01,3.455926451873994176e-03
2.136999999999974253e+00,-3.665191429188086047e-02,5.105088062083413813e-01,4.031885105032089606e-03
2.139999999999974367e+00,-3.665191429188086047e-02,5.105088062083413813e-01,4.031710572106890489e-03
2.142999999999974481e+00,-3.665191429188086047e-02,5.143485305627288895e-01,4.031710572106890489e-03
2.145999999999974595e+00,-3.665191429188086047e-02,5.183627878423158197e-01,4.031710572106890489e-03
2.148999999999974708e+00,-3.665191429188086047e-02,5.222025121967034389e-01,4.031710572106890489e-03
2.150999999999974488e+00,-3.141592653589775352e-02,5.262167694762902581e-01,3.455577386023595075e-03
2.153999999999974602e+00,-2.617993877991509066e-02,5.300564938306778773e-01,2.879618732865444133e-03
2.156999999999974715e+00,-2.094395102393153962e-02,5.300564938306778773e-01,2.303660079707293626e-03
2.159999999999974829e+00,-1.570796326794887676e-02,5.300564938306778773e-01,1.727614160086598204e-03
2.161999999999974609e+00,-5.235987755983551040e-03,5.300564938306778773e-01,5.756095873077517319e-04
2.164999999999974722e+00,0.000000000000000000e+00,5.300564938306778773e-01,-1.745329251994396095e-07
2.167999999999974836e+00,1.047197551196576981e-02,5.300564938306778773e-01,-1.152266372166645689e-03
2.170999999999974950e+00,1.047197551196576981e-02,5.300564938306778773e-01,-1.151917306316246588e-03
2.173999999999975064e+00,1.570796326794887676e-02,5.300564938306778773e-01,-1.728050492399596429e-03
2.176999999999975177e+00,1.570796326794887676e-02,5.300564938306778773e-01,-1.727875959474397096e-03
2.179999999999975291e+00,1.047197551196576981e-02,5.300564938306778773e-01,-1.151742773391047255e-03
2.182999999999975405e+00,5.235987755983551040e-03,5.300564938306778773e-01,-5.757841202329512824e-04
2.185999999999975518e+00,0.000000000000000000e+00,5.300564938306778773e-01,1.745329251994396095e-07
2.188999999999975632e+00,-5.235987755983551040e-03,5.300564938306778773e-01,5.761331860833500580e-04
2.191999999999975746e+00,-1.570796326794887676e-02,5.300564938306778773e-01,1.728225025324796197e-03
2.194999999999975859e+00,-2.094395102393153962e-02,5.300564938306778773e-01,2.304096412020292285e-03
2.196999999999975639e+00,-2.617993877991509066e-02,5.300564938306778773e-01,2.879967798715843234e-03
2.199999999999975753e+00,-3.141592653589775352e-02,5.300564938306778773e-01,3.455926451873994176e-03
2.202999999999975866e+00,-3.665191429188086047e-02,5.300564938306778773e-01,4.031885105032089606e-03
2.205999999999975980e+00,-3.665191429188086047e-02,5.300564938306778773e-01,4.031710572106890489e-03
2.208999999999976094e+00,-3.665191429188086047e-02,5.340707511102648075e-01,4.031710572106890489e-03
2.211999999999976207e+00,-3.141592653589775352e-02,5.379104754646523157e-01,3.455577386023595075e-03
2.214999999999976321e+00,-3.141592653589775352e-02,5.419247327442393569e-01,3.455751918948794191e-03
2.217999999999976435e+00,-2.094395102393153962e-02,5.419247327442393569e-01,2.303485546782094509e-03
2.220999999999976549e+00,-1.570796326794887676e-02,5.419247327442393569e-01,1.727701426549197762e-03
2.223999999999976662e+00,-1.047197551196621390e-02,5.419247327442393569e-01,1.151742773391047255e-03
2.226999999999976776e+00,-5.235987755983551040e-03,5.419247327442393569e-01,5.757841202329512824e-04
2.229999999999976890e+00,0.000000000000000000e+00,5.419247327442393569e-01,-1.745329251994396095e-07
2.232999999999977003e+00,5.235987755983551040e-03,5.419247327442393569e-01,-5.762204525459497248e-04
2.234999999999976783e+00,5.235987755983551040e-03,5.419247327442393569e-01,-5.759586531581506160e-04
2.237999999999976897e+00,5.235987755983551040e-03,5.419247327442393569e-01,-5.759586531581506160e-04
2.240999999999977010e+00,5.235987755983551040e-03,5.419247327442393569e-01,-5.759586531581506160e-04
2.243999999999977124e+00,-5.235987755983551040e-03,5.419247327442393569e-01,5.762204525459497248e-04
2.247999999999977128e+00,-1.047197551196621390e-02,5.419247327442393569e-01,1.152091839241445922e-03
2.250999999999977241e+00,-1.570796326794887676e-02,5.419247327442393569e-01,1.728050492399596429e-03
2.253999999999977355e+00,-2.617993877991509066e-02,5.419247327442393569e-01,2.880316864566241902e-03
2.255999999999977135e+00,-3.141592653589775352e-02,5.419247327442393569e-01,3.455926451873994176e-03
2.258999999999977248e+00,-3.141592653589775352e-02,5.419247327442393569e-01,3.455751918948794191e-03
2.261999999999977362e+00,-3.665191429188086047e-02,5.419247327442393569e-01,4.031885105032089606e-03
2.264999999999977476e+00,-3.665191429188086047e-02,5.419247327442393569e-01,4.031710572106890489e-03
2.267999999999977589e+00,-3.665191429188086047e-02,5.457644570986268651e-01,4.031710572106890489e-03
2.270999999999977703e+00,-3.665191429188086047e-02,5.497787143782137953e-01,4.031710572106890489e-03
2.273999999999977817e+00,-3.141592653589775352e-02,5.536184387326013034e-01,3.455490119560995516e-03
2.275999999999977597e+00,-2.094395102393153962e-02,5.576326960121882337e-01,2.303485546782094509e-03
2.278999999999977710e+00,-1.570796326794887676e-02,5.576326960121882337e-01,1.727745059780497758e-03
2.282999999999977714e+00,-5.235987755983551040e-03,5.576326960121882337e-01,5.756095873077517319e-04
2.285999999999977828e+00,0.000000000000000000e+00,5.576326960121882337e-01,-1.745329251994396095e-07
2.288999999999977941e+00,1.047197551196576981e-02,5.576326960121882337e-01,-1.152266372166645689e-03
2.291999999999978055e+00,1.047197551196576981e-02,5.576326960121882337e-01,-1.151917306316246588e-03
2.293999999999977835e+00,1.047197551196576981e-02,5.576326960121882337e-01,-1.151917306316246588e-03
2.296999999999977948e+00,1.047197551196576981e-02,5.576326960121882337e-01,-1.151917306316246588e-03
2.299999999999978062e+00,5.235987755983551040e-03,5.576326960121882337e-01,-5.757841202329512824e-04
2.302999999999978176e+00,0.000000000000000000e+00,5.576326960121882337e-01,1.745329251994396095e-07
2.305999999999978289e+00,-1.047197551196621390e-02,5.576326960121882337e-01,1.152266372166645689e-03
2.308999999999978403e+00,-1.570796326794887676e-02,5.576326960121882337e-01,1.728137758862196421e-03
2.310999999999978183e+00,-2.617993877991509066e-02,5.576326960121882337e-01,2.880142331641042785e-03
2.313999999999978296e+00,-3.141592653589775352e-02,5.576326960121882337e-01,3.455926451873994176e-03
2.316999999999978410e+00,-3.141592653589775352e-02,5.576326960121882337e-01,3.455751918948794191e-03
2.320999999999978414e+00,-3.665191429188086047e-02,5.576326960121882337e-01,4.031972371494689164e-03
2.322999999999978193e+00,-3.665191429188086047e-02,5.576326960121882337e-01,4.031710572106890489e-03
2.325999999999978307e+00,-3.665191429188086047e-02,5.616469532917752749e-01,4.031710572106890489e-03
2.328999999999978421e+00,-3.141592653589775352e-02,5.654866776461626721e-01,3.455577386023595075e-03
2.331999999999978535e+00,-2.617993877991509066e-02,5.695009349257497133e-01,2.879618732865444133e-03
2.334999999999978648e+00,-1.570796326794887676e-02,5.695009349257497133e-01,1.727526893623998212e-03
2.337999999999978762e+00,-1.047197551196621390e-02,5.695009349257497133e-01,1.151742773391047255e-03
2.340999999999978876e+00,-5.235987755983551040e-03,5.695009349257497133e-01,5.756968537703513987e-04
2.342999999999978655e+00,0.000000000000000000e+00,5.695009349257497133e-01,-1.745329251994396095e-07
2.345999999999978769e+00,5.235987755983551040e-03,5.695009349257497133e-01,-5.761331860833500580e-04
2.348999999999978883e+00,5.235987755983551040e-03,5.695009349257497133e-01,-5.759586531581506160e-04
2.351999999999978996e+00,5.235987755983551040e-03,5.695009349257497133e-01,-5.759586531581506160e-04
2.354999999999979110e+00,0.000000000000000000e+00,5.695009349257497133e-01,1.745329251994396095e-07
2.357999999999979224e+00,-1.047197551196621390e-02,5.695009349257497133e-01,1.152266372166645689e-03
2.360999999999979337e+00,-1.570796326794887676e-02,5.695009349257497133e-01,1.728006859168296433e-03
2.364999999999979341e+00,-2.617993877991509066e-02,5.695009349257497133e-01,2.880316864566241902e-03
2.366999999999979121e+00,-3.141592653589775352e-02,5.695009349257497133e-01,3.455926451873994176e-03
2.369999999999979234e+00,-3.141592653589775352e-02,5.695009349257497133e-01,3.455751918948794191e-03
2.372999999999979348e+00,-3.665191429188086047e-02,5.695009349257497133e-01,4.031885105032089606e-03
2.375999999999979462e+00,-3.665191429188086047e-02,5.695009349257497133e-01,4.031710572106890489e-03
2.378999999999979575e+00,-3.665191429188086047e-02,5.733406592801373325e-01,4.031710572106890489e-03
2.380999999999979355e+00,-3.141592653589775352e-02,5.773549165597241517e-01,3.455577386023595075e-03
2.383999999999979469e+00,-2.617993877991509066e-02,5.811946409141116598e-01,2.879618732865444133e-03
2.386999999999979583e+00,-2.094395102393153962e-02,5.811946409141116598e-01,2.303572813244694501e-03
2.388999999999979362e+00,-1.047197551196621390e-02,5.811946409141116598e-01,1.151655506928447479e-03
2.392999999999979366e+00,-5.235987755983551040e-03,5.811946409141116598e-01,5.757841202329512824e-04
2.395999999999979480e+00,0.000000000000000000e+00,5.811946409141116598e-01,-1.745329251994396095e-07
2.398999999999979593e+00,5.235987755983551040e-03,5.811946409141116598e-01,-5.761331860833500580e-04
2.401999999999979707e+00,5.235987755983551040e-03,5.811946409141116598e-01,-5.759586531581506160e-04
2.404999999999979821e+00,5.235987755983551040e-03,5.811946409141116598e-01,-5.759586531581506160e-04
2.407999999999979934e+00,0.000000000000000000e+00,5.811946409141116598e-01,2.617993877991593613e-07
2.409999999999979714e+00,-1.047197551196621390e-02,5.811946409141116598e-01,1.152266372166645689e-03
2.412999999999979828e+00,-1.570796326794887676e-02,5.811946409141116598e-01,1.728050492399596429e-03
2.415999999999979941e+00,-2.094395102393153962e-02,5.811946409141116598e-01,2.304009145557692727e-03
2.418999999999980055e+00,-3.141592653589775352e-02,5.811946409141116598e-01,3.456100984799192859e-03
2.421999999999980169e+00,-3.665191429188086047e-02,5.811946409141116598e-01,4.031885105032089606e-03
2.424999999999980282e+00,-3.665191429188086047e-02,5.811946409141116598e-01,4.031710572106890489e-03
2.426999999999980062e+00,-3.665191429188086047e-02,5.852088981936987011e-01,4.031710572106890489e-03
2.430999999999980066e+00,-3.665191429188086047e-02,5.890486225480862092e-01,4.031710572106890489e-03
2.433999999999980179e+00,-3.141592653589775352e-02,5.928883469024737174e-01,3.455577386023595075e-03
2.436999999999980293e+00,-2.617993877991509066e-02,5.969026041820607587e-01,2.879618732865444133e-03
2.439999999999980407e+00,-2.094395102393153962e-02,5.969026041820607587e-01,2.303660079707293626e-03
2.442999999999980520e+00,-1.047197551196621390e-02,5.969026041820607587e-01,1.151568240465847704e-03
2.445999999999980634e+00,0.000000000000000000e+00,5.969026041820607587e-01,-3.490658503988626489e-07
2.448999999999980748e+00,5.235987755983551040e-03,5.969026041820607587e-01,-5.761331860833500580e-04
2.451999999999980862e+00,5.235987755983551040e-03,5.969026041820607587e-01,-5.759586531581506160e-04
2.453999999999980641e+00,5.235987755983551040e-03,5.969026041820607587e-01,-5.759586531581506160e-04
2.456999999999980755e+00,5.235987755983551040e-03,5.969026041820607587e-01,-5.759586531581506160e-04
2.459999999999980869e+00,0.000000000000000000e+00,5.969026041820607587e-01,2.617993877991593613e-07
2.461999999999980648e+00,-5.235987755983551040e-03,5.969026041820607587e-01,5.761331860833500580e-04
2.464999999999980762e+00,-1.570796326794887676e-02,5.969026041820607587e-01,1.728225025324796197e-03
2.467999999999980876e+00,-2.094395102393153962e-02,5.969026041820607587e-01,2.304009145557692727e-03
2.470999999999980989e+00,-2.617993877991509066e-02,5.969026041820607587e-01,2.879967798715843234e-03
2.473999999999981103e+00,-3.141592653589775352e-02,5.969026041820607587e-01,3.456013718336592867e-03
2.475999999999980883e+00,-3.665191429188086047e-02,5.969026041820607587e-01,4.031885105032089606e-03
2.478999999999980997e+00,-3.665191429188086047e-02,5.969026041820607587e-01,4.031710572106890489e-03
2.481999999999981110e+00,-3.665191429188086047e-02,6.009168614616476889e-01,4.031710572106890489e-03
2.483999999999980890e+00,-3.665191429188086047e-02,6.047565858160351970e-01,4.031710572106890489e-03
2.486999999999981004e+00,-3.665191429188086047e-02,6.087708430956221273e-01,4.031710572106890489e-03
2.489999999999981117e+00,-2.617993877991509066e-02,6.126105674500096354e-01,2.879444199940245450e-03
2.492999999999981231e+00,-2.094395102393153962e-02,6.166248247295965657e-01,2.303660079707293626e-03
2.495999999999981345e+00,-1.047197551196621390e-02,6.166248247295965657e-01,1.151568240465847704e-03
2.498999999999981458e+00,0.000000000000000000e+00,6.166248247295965657e-01,-2.617993877991469734e-07
2.502999999999981462e+00,5.235987755983551040e-03,6.166248247295965657e-01,-5.762204525459497248e-04
2.504999999999981242e+00,1.047197551196576981e-02,6.166248247295965657e-01,-1.152091839241445922e-03
2.507999999999981355e+00,1.047197551196576981e-02,6.166248247295965657e-01,-1.151917306316246588e-03
2.510999999999981469e+00,1.047197551196576981e-02,6.166248247295965657e-01,-1.151917306316246588e-03
2.513999999999981583e+00,5.235987755983551040e-03,6.166248247295965657e-01,-5.757841202329512824e-04
2.516999999999981696e+00,0.000000000000000000e+00,6.166248247295965657e-01,1.745329251994396095e-07
2.519999999999981810e+00,-1.047197551196621390e-02,6.166248247295965657e-01,1.152266372166645689e-03
2.522999999999981924e+00,-2.094395102393153962e-02,6.166248247295965657e-01,2.304183678482891844e-03
2.525999999999982037e+00,-2.617993877991509066e-02,6.166248247295965657e-01,2.879967798715843234e-03
2.528999999999982151e+00,-3.141592653589775352e-02,6.166248247295965657e-01,3.455926451873994176e-03
2.531999999999982265e+00,-3.665191429188086047e-02,6.166248247295965657e-01,4.031885105032089606e-03
2.534999999999982379e+00,-3.665191429188086047e-02,6.166248247295965657e-01,4.031710572106890489e-03
2.537999999999982492e+00,-3.665191429188086047e-02,6.204645490839840738e-01,4.031710572106890489e-03
2.540999999999982606e+00,-3.665191429188086047e-02,6.244788063635711151e-01,4.031710572106890489e-03
2.543999999999982720e+00,-3.141592653589775352e-02,6.283185307179586232e-01,3.455577386023595075e-03
2.546999999999982833e+00,-2.094395102393153962e-02,6.321582550723461313e-01,2.303485546782094509e-03
2.549999999999982947e+00,-1.570796326794887676e-02,6.321582550723461313e-01,1.727701426549197762e-03
2.552999999999983061e+00,-1.047197551196621390e-02,6.321582550723461313e-01,1.151742773391047255e-03
2.555999999999983174e+00,0.000000000000000000e+00,6.321582550723461313e-01,-3.490658503988626489e-07
2.558999999999983288e+00,5.235987755983551040e-03,6.321582550723461313e-01,-5.761331860833500580e-04
2.561999999999983402e+00,5.235987755983551040e-03,6.321582550723461313e-01,-5.759586531581506160e-04
2.564999999999983515e+00,1.047197551196576981e-02,6.321582550723461313e-01,-1.152179105704045697e-03
2.566999999999983295e+00,1.047197551196576981e-02,6.321582550723461313e-01,-1.151917306316246588e-03
2.569999999999983409e+00,5.235987755983551040e-03,6.321582550723461313e-01,-5.757841202329512824e-04
2.572999999999983523e+00,0.000000000000000000e+00,6.321582550723461313e-01,1.745329251994396095e-07
2.575999999999983636e+00,-1.047197551196621390e-02,6.321582550723461313e-01,1.152266372166645689e-03
2.578999999999983750e+00,-1.570796326794887676e-02,6.321582550723461313e-01,1.728050492399596429e-03
2.581999999999983864e+00,-2.617993877991509066e-02,6.321582550723461313e-01,2.880316864566241902e-03
2.583999999999983643e+00,-3.141592653589775352e-02,6.321582550723461313e-01,3.455926451873994176e-03
2.586999999999983757e+00,-3.665191429188086047e-02,6.321582550723461313e-01,4.031885105032089606e-03
2.589999999999983871e+00,-3.665191429188086047e-02,6.321582550723461313e-01,4.031710572106890489e-03
2.592999999999983984e+00,-3.665191429188086047e-02,6.361725123519331726e-01,4.031710572106890489e-03
2.595999999999984098e+00,-3.665191429188086047e-02,6.401867696315199918e-01,4.031710572106890489e-03
2.597999999999983878e+00,-3.665191429188086047e-02,6.440264939859076110e-01,4.031710572106890489e-03
2.600999999999983991e+00,-3.665191429188086047e-02,6.480407512654946522e-01,4.031710572106890489e-03
2.603999999999984105e+00,-3.141592653589775352e-02,6.518804756198820494e-01,3.455577386023595075e-03
2.606999999999984219e+00,-2.617993877991509066e-02,6.558947328994689796e-01,2.879618732865444133e-03
2.609999999999984333e+00,-1.570796326794887676e-02,6.558947328994689796e-01,1.727526893623998212e-03
2.612999999999984446e+00,-1.047197551196621390e-02,6.558947328994689796e-01,1.151655506928447479e-03
2.614999999999984226e+00,0.000000000000000000e+00,6.558947328994689796e-01,-3.490658503988626489e-07
2.617999999999984340e+00,1.047197551196576981e-02,6.558947328994689796e-01,-1.152266372166645689e-03
2.620999999999984453e+00,1.570796326794887676e-02,6.558947328994689796e-01,-1.728050492399596429e-03
2.623999999999984567e+00,2.094395102393198371e-02,6.558947328994689796e-01,-2.304009145557692727e-03
2.626999999999984681e+00,2.094395102393198371e-02,6.558947328994689796e-01,-2.303834612632493176e-03
2.629999999999984794e+00,2.094395102393198371e-02,6.558947328994689796e-01,-2.303834612632493176e-03
2.632999999999984908e+00,2.094395102393198371e-02,6.558947328994689796e-01,-2.303834612632493176e-03
2.635999999999985022e+00,1.570796326794887676e-02,6.558947328994689796e-01,-1.727614160086598204e-03
2.637999999999984801e+00,1.047197551196576981e-02,6.558947328994689796e-01,-1.151742773391047255e-03
2.640999999999984915e+00,5.235987755983551040e-03,6.558947328994689796e-01,-5.757841202329512824e-04
2.643999999999985029e+00,-5.235987755983551040e-03,6.558947328994689796e-01,5.763077190085493916e-04
2.646999999999985143e+00,-1.570796326794887676e-02,6.558947328994689796e-01,1.728137758862196421e-03
2.650999999999985146e+00,-2.094395102393153962e-02,6.558947328994689796e-01,2.304009145557692727e-03
2.653999999999985260e+00,-2.617993877991509066e-02,6.558947328994689796e-01,2.880055065178442793e-03
2.655999999999985040e+00,-2.617993877991509066e-02,6.558947328994689796e-01,2.879793265790644118e-03
2.658999999999985153e+00,-3.141592653589775352e-02,6.558947328994689796e-01,3.455926451873994176e-03
2.661999999999985267e+00,-3.141592653589775352e-02,6.558947328994689796e-01,3.455751918948794191e-03
2.664999999999985381e+00,-3.141592653589775352e-02,6.558947328994689796e-01,3.455751918948794191e-03
2.666999999999985160e+00,-2.617993877991509066e-02,6.558947328994689796e-01,2.879618732865444133e-03
2.669999999999985274e+00,-2.094395102393153962e-02,6.558947328994689796e-01,2.303660079707293626e-03
2.672999999999985388e+00,-1.570796326794887676e-02,6.558947328994689796e-01,1.727701426549197762e-03
2.675999999999985501e+00,-1.047197551196621390e-02,6.558947328994689796e-01,1.151655506928447479e-03
2.677999999999985281e+00,-5.235987755983551040e-03,6.558947328994689796e-01,5.757841202329512824e-04
2.680999999999985395e+00,0.000000000000000000e+00,6.558947328994689796e-01,-1.745329251994396095e-07
2.683999999999985508e+00,0.000000000000000000e+00,6.558947328994689796e-01,0.000000000000000000e+00
2.686999999999985622e+00,0.000000000000000000e+00,6.558947328994689796e-01,0.000000000000000000e+00
2.689999999999985736e+00,0.000000000000000000e+00,6.558947328994689796e-01,0.000000000000000000e+00
2.692999999999985850e+00,0.000000000000000000e+00,6.558947328994689796e-01,0.000000000000000000e+00
2.694999999999985629e+00,-5.235987755983551040e-03,6.558947328994689796e-01,5.761331860833500580e-04
2.697999999999985743e+00,-1.047197551196621390e-02,6.558947328994689796e-01,1.152091839241445922e-03
2.700999999999985857e+00,-1.570796326794887676e-02,6.558947328994689796e-01,1.728050492399596429e-03
2.703999999999985970e+00,-2.094395102393153962e-02,6.558947328994689796e-01,2.304096412020292285e-03
2.705999999999985750e+00,-2.617993877991509066e-02,6.558947328994689796e-01,2.879967798715843234e-03
2.708999999999985864e+00,-3.141592653589775352e-02,6.558947328994689796e-01,3.455926451873994176e-03
2.711999999999985977e+00,-3.141592653589775352e-02,6.558947328994689796e-01,3.455751918948794191e-03
2.714999999999986091e+00,-3.665191429188086047e-02,6.558947328994689796e-01,4.031885105032089606e-03
2.717999999999986205e+00,-3.665191429188086047e-02,6.558947328994689796e-01,4.031710572106890489e-03
2.720999999999986318e+00,-3.141592653589775352e-02,6.597344572538564877e-01,3.455577386023595075e-03
2.723999999999986432e+00,-3.141592653589775352e-02,6.637487145334435290e-01,3.455751918948794191e-03
2.726999999999986546e+00,-2.617993877991509066e-02,6.637487145334435290e-01,2.879618732865444133e-03
2.729999999999986660e+00,-2.094395102393153962e-02,6.637487145334435290e-01,2.303572813244694501e-03
2.731999999999986439e+00,-1.570796326794887676e-02,6.637487145334435290e-01,1.727701426549197762e-03
2.734999999999986553e+00,-1.047197551196621390e-02,6.637487145334435290e-01,1.151742773391047255e-03
2.737999999999986667e+00,-1.047197551196621390e-02,6.637487145334435290e-01,1.151917306316246588e-03
2.740999999999986780e+00,-5.235987755983551040e-03,6.637487145334435290e-01,5.757841202329512824e-04
2.743999999999986894e+00,-5.235987755983551040e-03,6.637487145334435290e-01,5.759586531581506160e-04
2.746999999999987008e+00,-5.235987755983551040e-03,6.637487145334435290e-01,5.759586531581506160e-04
2.749999999999987121e+00,-1.047197551196621390e-02,6.637487145334435290e-01,1.152091839241445922e-03
2.752999999999987235e+00,-1.570796326794887676e-02,6.637487145334435290e-01,1.728050492399596429e-03
2.755999999999987349e+00,-2.094395102393153962e-02,6.637487145334435290e-01,2.304009145557692727e-03
2.758999999999987462e+00,-2.617993877991509066e-02,6.637487145334435290e-01,2.879967798715843234e-03
2.761999999999987576e+00,-3.141592653589775352e-02,6.637487145334435290e-01,3.455926451873994176e-03
2.764999999999987690e+00,-3.141592653589775352e-02,6.637487145334435290e-01,3.455751918948794191e-03
2.767999999999987804e+00,-3.665191429188086047e-02,6.637487145334435290e-01,4.031885105032089606e-03
2.770999999999987917e+00,-3.665191429188086047e-02,6.637487145334435290e-01,4.031710572106890489e-03
2.773999999999988031e+00,-3.665191429188086047e-02,6.675884388878310371e-01,4.031710572106890489e-03
2.775999999999987811e+00,-3.141592653589775352e-02,6.714281632422185453e-01,3.455577386023595075e-03
2.778999999999987924e+00,-2.617993877991509066e-02,6.754424205218055866e-01,2.879618732865444133e-03
2.781999999999988038e+00,-2.094395102393153962e-02,6.754424205218055866e-01,2.303572813244694501e-03
2.783999999999987818e+00,-1.570796326794887676e-02,6.754424205218055866e-01,1.727701426549197762e-03
2.786999999999987931e+00,-1.047197551196621390e-02,6.754424205218055866e-01,1.151742773391047255e-03
2.789999999999988045e+00,-5.235987755983551040e-03,6.754424205218055866e-01,5.758277534642509531e-04
2.793999999999988049e+00,-5.235987755983551040e-03,6.754424205218055866e-01,5.759586531581506160e-04
2.795999999999987828e+00,-5.235987755983551040e-03,6.754424205218055866e-01,5.759586531581506160e-04
2.798999999999987942e+00,-5.235987755983551040e-03,6.754424205218055866e-01,5.759586531581506160e-04
2.801999999999988056e+00,-5.235987755983551040e-03,6.754424205218055866e-01,5.759586531581506160e-04
2.804999999999988169e+00,-1.047197551196621390e-02,6.754424205218055866e-01,1.152091839241445922e-03
2.807999999999988283e+00,-1.570796326794887676e-02,6.754424205218055866e-01,1.728050492399596429e-03
2.810999999999988397e+00,-2.094395102393153962e-02,6.754424205218055866e-01,2.304096412020292285e-03
2.812999999999988177e+00,-3.141592653589775352e-02,6.754424205218055866e-01,3.456100984799192859e-03
2.815999999999988290e+00,-3.141592653589775352e-02,6.754424205218055866e-01,3.455751918948794191e-03
2.818999999999988404e+00,-3.665191429188086047e-02,6.754424205218055866e-01,4.031885105032089606e-03
2.821999999999988518e+00,-3.665191429188086047e-02,6.754424205218055866e-01,4.031710572106890489e-03
2.824999999999988631e+00,-3.665191429188086047e-02,6.794566778013925168e-01,4.031710572106890489e-03
2.827999999999988745e+00,-3.665191429188086047e-02,6.832964021557799139e-01,4.031710572106890489e-03
2.831999999999988749e+00,-3.665191429188086047e-02,6.873106594353670662e-01,4.031710572106890489e-03
2.834999999999988862e+00,-3.141592653589775352e-02,6.911503837897545743e-01,3.455577386023595075e-03
2.837999999999988976e+00,-2.094395102393153962e-02,6.951646410693415046e-01,2.303485546782094509e-03
2.840999999999989090e+00,-1.570796326794887676e-02,6.951646410693415046e-01,1.727614160086598204e-03
2.842999999999988869e+00,-1.047197551196621390e-02,6.951646410693415046e-01,1.151742773391047255e-03
2.845999999999988983e+00,-5.235987755983551040e-03,6.951646410693415046e-01,5.757841202329512824e-04
2.848999999999989097e+00,0.000000000000000000e+00,6.951646410693415046e-01,-1.745329251994396095e-07
2.851999999999989210e+00,0.000000000000000000e+00,6.951646410693415046e-01,0.000000000000000000e+00
2.853999999999988990e+00,0.000000000000000000e+00,6.951646410693415046e-01,0.000000000000000000e+00
2.856999999999989104e+00,0.000000000000000000e+00,6.951646410693415046e-01,0.000000000000000000e+00
2.859999999999989218e+00,-5.235987755983551040e-03,6.951646410693415046e-01,5.762204525459497248e-04
2.861999999999988997e+00,-1.047197551196621390e-02,6.951646410693415046e-01,1.152091839241445922e-03
2.864999999999989111e+00,-2.094395102393153962e-02,6.951646410693415046e-01,2.304183678482891844e-03
2.867999999999989225e+00,-2.617993877991509066e-02,6.951646410693415046e-01,2.879967798715843234e-03
2.870999999999989338e+00,-3.141592653589775352e-02,6.951646410693415046e-01,3.455926451873994176e-03
2.873999999999989452e+00,-3.665191429188086047e-02,6.951646410693415046e-01,4.031885105032089606e-03
2.876999999999989566e+00,-3.665191429188086047e-02,6.951646410693415046e-01,4.031710572106890489e-03
2.879999999999989679e+00,-3.665191429188086047e-02,6.990043654237289017e-01,4.031710572106890489e-03
2.882999999999989793e+00,-3.665191429188086047e-02,7.030186227033159430e-01,4.031710572106890489e-03
2.885999999999989907e+00,-3.141592653589775352e-02,7.068583470577034511e-01,3.455490119560995516e-03
2.887999999999989686e+00,-2.617993877991509066e-02,7.106980714120909592e-01,2.879618732865444133e-03
2.890999999999989800e+00,-2.094395102393153962e-02,7.106980714120909592e-01,2.303660079707293626e-03
2.893999999999989914e+00,-1.047197551196621390e-02,7.106980714120909592e-01,1.151568240465847704e-03
2.896999999999990028e+00,-5.235987755983551040e-03,7.106980714120909592e-01,5.757841202329512824e-04
2.899999999999990141e+00,0.000000000000000000e+00,7.106980714120909592e-01,-1.745329251994396095e-07
2.902999999999990255e+00,0.000000000000000000e+00,7.106980714120909592e-01,0.000000000000000000e+00
2.905999999999990369e+00,0.000000000000000000e+00,7.106980714120909592e-01,0.000000000000000000e+00
2.908999999999990482e+00,0.000000000000000000e+00,7.106980714120909592e-01,0.000000000000000000e+00
2.910999999999990262e+00,-5.235987755983551040e-03,7.106980714120909592e-01,5.761331860833500580e-04
2.913999999999990376e+00,-1.047197551196621390e-02,7.106980714120909592e-01,1.152091839241445922e-03
2.916999999999990489e+00,-2.094395102393153962e-02,7.106980714120909592e-01,2.304183678482891844e-03
2.919999999999990603e+00,-2.617993877991509066e-02,7.106980714120909592e-01,2.879967798715843234e-03
2.922999999999990717e+00,-3.665191429188086047e-02,7.106980714120909592e-01,4.032059637957288722e-03
2.925999999999990830e+00,-3.665191429188086047e-02,7.106980714120909592e-01,4.031710572106890489e-03
2.928999999999990944e+00,-4.188790204786396743e-02,7.147123286916778895e-01,4.607931024652839672e-03
2.930999999999990724e+00,-4.188790204786396743e-02,7.187265859712648197e-01,4.607669225265040996e-03
2.933999999999990838e+00,-4.188790204786396743e-02,7.225663103256524389e-01,4.607669225265040996e-03
2.936999999999990951e+00,-3.665191429188086047e-02,7.265805676052394801e-01,4.031579672412990284e-03
2.940999999999990955e+00,-3.141592653589775352e-02,7.304202919596268773e-01,3.455577386023595075e-03
2.943999999999991068e+00,-2.094395102393153962e-02,7.344345492392138075e-01,2.303485546782094509e-03
2.946999999999991182e+00,-1.047197551196621390e-02,7.344345492392138075e-01,1.151568240465847704e-03
2.949999999999991296e+00,-5.235987755983551040e-03,7.344345492392138075e-01,5.757841202329512824e-04
2.952999999999991410e+00,5.235987755983551040e-03,7.344345492392138075e-01,-5.763077190085493916e-04
2.955999999999991523e+00,5.235987755983551040e-03,7.344345492392138075e-01,-5.759586531581506160e-04
2.957999999999991303e+00,1.047197551196576981e-02,7.344345492392138075e-01,-1.152091839241445922e-03
2.960999999999991417e+00,1.047197551196576981e-02,7.344345492392138075e-01,-1.151917306316246588e-03
2.963999999999991530e+00,5.235987755983551040e-03,7.344345492392138075e-01,-5.757841202329512824e-04
2.966999999999991644e+00,0.000000000000000000e+00,7.344345492392138075e-01,1.745329251994396095e-07
2.969999999999991758e+00,-1.047197551196621390e-02,7.344345492392138075e-01,1.152266372166645689e-03
2.972999999999991871e+00,-1.570796326794887676e-02,7.344345492392138075e-01,1.728137758862196421e-03
2.974999999999991651e+00,-2.617993877991509066e-02,7.344345492392138075e-01,2.880055065178442793e-03
2.978999999999991655e+00,-3.141592653589775352e-02,7.344345492392138075e-01,3.456013718336592867e-03
2.980999999999991434e+00,-3.665191429188086047e-02,7.344345492392138075e-01,4.031885105032089606e-03
2.983999999999991548e+00,-4.188790204786396743e-02,7.344345492392138075e-01,4.607843758190240981e-03
2.986999999999991662e+00,-4.188790204786396743e-02,7.382742735936014267e-01,4.607669225265040996e-03
2.989999999999991775e+00,-4.188790204786396743e-02,7.422885308731882459e-01,4.607669225265040996e-03
2.992999999999991889e+00,-4.188790204786396743e-02,7.461282552275758650e-01,4.607669225265040996e-03
2.995999999999992003e+00,-3.665191429188086047e-02,7.499679795819633732e-01,4.031536039181690505e-03
2.998999999999992117e+00,-3.141592653589775352e-02,7.539822368615503034e-01,3.455577386023595075e-03
3.001999999999992230e+00,-2.094395102393153962e-02,7.579964941411372337e-01,2.303311013856894959e-03
3.003999999999992010e+00,-1.047197551196621390e-02,7.579964941411372337e-01,1.151568240465847704e-03
3.006999999999992124e+00,-5.235987755983551040e-03,7.579964941411372337e-01,5.757841202329512824e-04
3.009999999999992237e+00,5.235987755983551040e-03,7.579964941411372337e-01,-5.763077190085493916e-04
3.012999999999992351e+00,1.047197551196576981e-02,7.579964941411372337e-01,-1.152091839241445922e-03
3.015999999999992465e+00,1.047197551196576981e-02,7.579964941411372337e-01,-1.151917306316246588e-03
3.018999999999992578e+00,1.047197551196576981e-02,7.579964941411372337e-01,-1.151917306316246588e-03
3.021999999999992692e+00,1.047197551196576981e-02,7.579964941411372337e-01,-1.151917306316246588e-03
3.024999999999992806e+00,5.235987755983551040e-03,7.579964941411372337e-01,-5.757841202329512824e-04
3.027999999999992919e+00,0.000000000000000000e+00,7.579964941411372337e-01,2.617993877991593613e-07
3.029999999999992699e+00,-1.047197551196621390e-02,7.579964941411372337e-01,1.152266372166645689e-03
3.032999999999992813e+00,-2.094395102393153962e-02,7.579964941411372337e-01,2.304183678482891844e-03
3.035999999999992927e+00,-2.617993877991509066e-02,7.579964941411372337e-01,2.879967798715843234e-03
3.038999999999993040e+00,-3.665191429188086047e-02,7.579964941411372337e-01,4.032059637957288722e-03
3.041999999999993154e+00,-4.188790204786396743e-02,7.579964941411372337e-01,4.607843758190240981e-03
3.044999999999993268e+00,-4.188790204786396743e-02,7.618362184955248528e-01,4.607669225265040996e-03
3.047999999999993381e+00,-4.188790204786396743e-02,7.658504757751117831e-01,4.607669225265040996e-03
3.050999999999993495e+00,-4.712388980384663029e-02,7.696902001294992912e-01,5.183802411348336844e-03
3.053999999999993609e+00,-4.712388980384663029e-02,7.737044574090862215e-01,5.183627878423136860e-03
3.056999999999993722e+00,-4.188790204786396743e-02,7.775441817634738406e-01,4.607494692339841012e-03
3.059999999999993836e+00,-4.188790204786396743e-02,7.815584390430607709e-01,4.607669225265040996e-03
3.062999999999993950e+00,-3.665191429188086047e-02,7.853981633974482790e-01,4.031536039181690505e-03
3.065999999999994063e+00,-3.141592653589775352e-02,7.892378877518358982e-01,3.455577386023595075e-03
3.068999999999994177e+00,-2.617993877991509066e-02,7.932521450314228284e-01,2.879618732865444133e-03
3.071999999999994291e+00,-2.094395102393153962e-02,7.932521450314228284e-01,2.303572813244694501e-03
3.073999999999994071e+00,-1.047197551196621390e-02,7.932521450314228284e-01,1.151568240465847704e-03
3.076999999999994184e+00,-5.235987755983551040e-03,7.932521450314228284e-01,5.757841202329512824e-04
3.079999999999994298e+00,5.235987755983551040e-03,7.932521450314228284e-01,-5.763077190085493916e-04
3.082999999999994412e+00,1.047197551196576981e-02,7.932521450314228284e-01,-1.152179105704045697e-03
3.084999999999994191e+00,1.570796326794887676e-02,7.932521450314228284e-01,-1.728050492399596429e-03
3.087999999999994305e+00,2.094395102393198371e-02,7.932521450314228284e-01,-2.304009145557692727e-03
3.090999999999994419e+00,2.617993877991509066e-02,7.932521450314228284e-01,-2.880055065178442793e-03
3.092999999999994198e+00,2.617993877991509066e-02,7.932521450314228284e-01,-2.879793265790644118e-03
3.095999999999994312e+00,2.617993877991509066e-02,7.932521450314228284e-01,-2.879793265790644118e-03
3.097999999999994092e+00,2.094395102393198371e-02,7.932521450314228284e-01,-2.303660079707293626e-03
3.100999999999994206e+00,1.570796326794887676e-02,7.932521450314228284e-01,-1.727701426549197762e-03
3.103999999999994319e+00,5.235987755983551040e-03,7.932521450314228284e-01,-5.756095873077517319e-04
3.106999999999994433e+00,-5.235987755983551040e-03,7.932521450314228284e-01,5.763077190085493916e-04
3.109999999999994547e+00,-1.047197551196621390e-02,7.932521450314228284e-01,1.152091839241445922e-03
3.112999999999994660e+00,-2.094395102393153962e-02,7.932521450314228284e-01,2.304183678482891844e-03
3.115999999999994774e+00,-2.617993877991509066e-02,7.932521450314228284e-01,2.880055065178442793e-03
3.117999999999994554e+00,-3.141592653589775352e-02,7.932521450314228284e-01,3.455882818642693963e-03
3.121999999999994557e+00,-3.141592653589775352e-02,7.932521450314228284e-01,3.455751918948794191e-03
3.124999999999994671e+00,-3.141592653589775352e-02,7.932521450314228284e-01,3.455751918948794191e-03
3.126999999999994451e+00,-3.141592653589775352e-02,7.932521450314228284e-01,3.455751918948794191e-03
3.129999999999994564e+00,-2.617993877991509066e-02,7.932521450314228284e-01,2.879618732865444133e-03
3.132999999999994678e+00,-2.094395102393153962e-02,7.932521450314228284e-01,2.303660079707293626e-03
3.135999999999994792e+00,-1.570796326794887676e-02,7.932521450314228284e-01,1.727701426549197762e-03
3.138999999999994905e+00,-1.047197551196621390e-02,7.932521450314228284e-01,1.151742773391047255e-03
3.141999999999995019e+00,-5.235987755983551040e-03,7.932521450314228284e-01,5.756968537703513987e-04
3.143999999999994799e+00,0.000000000000000000e+00,7.932521450314228284e-01,-1.745329251994396095e-07
3.146999999999994913e+00,0.000000000000000000e+00,7.932521450314228284e-01,0.000000000000000000e+00
3.149999999999995026e+00,0.000000000000000000e+00,7.932521450314228284e-01,0.000000000000000000e+00
3.152999999999995140e+00,0.000000000000000000e+00,7.932521450314228284e-01,0.000000000000000000e+00
3.155999999999995254e+00,0.000000000000000000e+00,7.932521450314228284e-01,0.000000000000000000e+00
3.157999999999995033e+00,-1.047197551196621390e-02,7.932521450314228284e-01,1.152266372166645689e-03
3.160999999999995147e+00,-1.570796326794887676e-02,7.932521450314228284e-01,1.728050492399596429e-03
3.163999999999995261e+00,-2.094395102393153962e-02,7.932521450314228284e-01,2.304009145557692727e-03
3.166999999999995374e+00,-3.141592653589775352e-02,7.932521450314228284e-01,3.456100984799192859e-03
3.169999999999995488e+00,-3.665191429188086047e-02,7.932521450314228284e-01,4.031885105032089606e-03
3.172999999999995602e+00,-3.665191429188086047e-02,7.932521450314228284e-01,4.031710572106890489e-03
3.175999999999995715e+00,-4.188790204786396743e-02,7.972664023110097586e-01,4.607843758190240981e-03
3.178999999999995829e+00,-4.188790204786396743e-02,8.011061266653972668e-01,4.607669225265040996e-03
3.181999999999995943e+00,-4.188790204786396743e-02,8.051203839449841970e-01,4.607669225265040996e-03
3.183999999999995723e+00,-4.188790204786396743e-02,8.089601082993718162e-01,4.607669225265040996e-03
3.186999999999995836e+00,-3.665191429188086047e-02,8.129743655789586354e-01,4.031536039181690505e-03
3.189999999999995950e+00,-2.617993877991509066e-02,8.168140899333461435e-01,2.879444199940245450e-03
3.192999999999996064e+00,-1.570796326794887676e-02,8.208283472129331848e-01,1.727526893623998212e-03
3.195999999999996177e+00,-1.047197551196621390e-02,8.208283472129331848e-01,1.151742773391047255e-03
3.198999999999996291e+00,0.000000000000000000e+00,8.208283472129331848e-01,-3.490658503988626489e-07
3.201999999999996405e+00,1.047197551196576981e-02,8.208283472129331848e-01,-1.152266372166645689e-03
3.204999999999996518e+00,1.047197551196576981e-02,8.208283472129331848e-01,-1.151917306316246588e-03
3.207999999999996632e+00,1.570796326794887676e-02,8.208283472129331848e-01,-1.728050492399596429e-03
3.210999999999996746e+00,1.570796326794887676e-02,8.208283472129331848e-01,-1.727875959474397096e-03
3.213999999999996859e+00,1.047197551196576981e-02,8.208283472129331848e-01,-1.151742773391047255e-03
3.216999999999996973e+00,5.235987755983551040e-03,8.208283472129331848e-01,-5.757841202329512824e-04
3.219999999999997087e+00,-5.235987755983551040e-03,8.208283472129331848e-01,5.763077190085493916e-04
3.222999999999997200e+00,-1.570796326794887676e-02,8.208283472129331848e-01,1.728225025324796197e-03
3.225999999999997314e+00,-2.094395102393153962e-02,8.208283472129331848e-01,2.304096412020292285e-03
3.227999999999997094e+00,-3.141592653589775352e-02,8.208283472129331848e-01,3.456013718336592867e-03
3.231999999999997097e+00,-3.665191429188086047e-02,8.208283472129331848e-01,4.031885105032089606e-03
3.234999999999997211e+00,-3.665191429188086047e-02,8.208283472129331848e-01,4.031710572106890489e-03
3.237999999999997325e+00,-3.665191429188086047e-02,8.246680715673206929e-01,4.031710572106890489e-03
3.240999999999997438e+00,-3.665191429188086047e-02,8.285077959217080901e-01,4.031710572106890489e-03
3.243999999999997552e+00,-3.665191429188086047e-02,8.325220532012952424e-01,4.031710572106890489e-03
3.245999999999997332e+00,-3.141592653589775352e-02,8.365363104808821726e-01,3.455577386023595075e-03
3.248999999999997446e+00,-2.094395102393153962e-02,8.403760348352695697e-01,2.303485546782094509e-03
3.251999999999997559e+00,-1.047197551196621390e-02,8.403760348352695697e-01,1.151568240465847704e-03
3.254999999999997673e+00,-5.235987755983551040e-03,8.403760348352695697e-01,5.757841202329512824e-04
3.257999999999997787e+00,5.235987755983551040e-03,8.403760348352695697e-01,-5.763077190085493916e-04
3.260999999999997900e+00,1.047197551196576981e-02,8.403760348352695697e-01,-1.152179105704045697e-03
3.262999999999997680e+00,1.570796326794887676e-02,8.403760348352695697e-01,-1.728050492399596429e-03
3.265999999999997794e+00,1.570796326794887676e-02,8.403760348352695697e-01,-1.727875959474397096e-03
3.269999999999997797e+00,1.047197551196576981e-02,8.403760348352695697e-01,-1.151742773391047255e-03
3.272999999999997911e+00,5.235987755983551040e-03,8.403760348352695697e-01,-5.757841202329512824e-04
3.275999999999998025e+00,-5.235987755983551040e-03,8.403760348352695697e-01,5.763077190085493916e-04
3.278999999999998138e+00,-1.047197551196621390e-02,8.403760348352695697e-01,1.152179105704045697e-03
3.280999999999997918e+00,-2.094395102393153962e-02,8.403760348352695697e-01,2.304183678482891844e-03
3.283999999999998032e+00,-3.141592653589775352e-02,8.403760348352695697e-01,3.456100984799192859e-03
3.286999999999998145e+00,-3.665191429188086047e-02,8.403760348352695697e-01,4.031885105032089606e-03
3.289999999999998259e+00,-4.188790204786396743e-02,8.403760348352695697e-01,4.607843758190240981e-03
3.292999999999998373e+00,-4.188790204786396743e-02,8.443902921148566110e-01,4.607669225265040996e-03
3.295999999999998487e+00,-4.188790204786396743e-02,8.482300164692442301e-01,4.607669225265040996e-03
3.298999999999998600e+00,-4.188790204786396743e-02,8.522442737488311604e-01,4.607669225265040996e-03
3.301999999999998714e+00,-3.665191429188086047e-02,8.560839981032185575e-01,4.031536039181690505e-03
3.304999999999998828e+00,-3.141592653589775352e-02,8.600982553828055988e-01,3.455577386023595075e-03
3.307999999999998941e+00,-2.094395102393153962e-02,8.639379797371932179e-01,2.303485546782094509e-03
3.310999999999999055e+00,-1.047197551196621390e-02,8.639379797371932179e-01,1.151568240465847704e-03
3.313999999999999169e+00,0.000000000000000000e+00,8.639379797371932179e-01,-3.490658503988626489e-07
3.316999999999999282e+00,5.235987755983551040e-03,8.639379797371932179e-01,-5.762204525459497248e-04
3.318999999999999062e+00,1.047197551196576981e-02,8.639379797371932179e-01,-1.152091839241445922e-03
3.321999999999999176e+00,1.570796326794887676e-02,8.639379797371932179e-01,-1.728050492399596429e-03
3.324999999999999289e+00,1.570796326794887676e-02,8.639379797371932179e-01,-1.727875959474397096e-03
3.327999999999999403e+00,1.570796326794887676e-02,8.639379797371932179e-01,-1.727875959474397096e-03
3.330999999999999517e+00,1.047197551196576981e-02,8.639379797371932179e-01,-1.151742773391047255e-03
3.333999999999999631e+00,0.000000000000000000e+00,8.639379797371932179e-01,3.490658503988626489e-07
3.336999999999999744e+00,-1.047197551196621390e-02,8.639379797371932179e-01,1.152266372166645689e-03
3.339999999999999858e+00,-2.094395102393153962e-02,8.639379797371932179e-01,2.304096412020292285e-03
3.343999999999999861e+00,-3.141592653589775352e-02,8.639379797371932179e-01,3.456100984799192859e-03
3.346999999999999975e+00,-3.665191429188086047e-02,8.639379797371932179e-01,4.031885105032089606e-03
3.350000000000000089e+00,-4.188790204786396743e-02,8.639379797371932179e-01,4.607843758190240981e-03
3.353000000000000203e+00,-4.188790204786396743e-02,8.677777040915806150e-01,4.607669225265040996e-03
3.354999999999999982e+00,-4.188790204786396743e-02,8.717919613711676563e-01,4.607669225265040996e-03
3.358000000000000096e+00,-4.188790204786396743e-02,8.758062186507545865e-01,4.607669225265040996e-03
3.361000000000000210e+00,-4.188790204786396743e-02,8.796459430051419837e-01,4.607669225265040996e-03
3.364000000000000323e+00,-3.665191429188086047e-02,8.836602002847290249e-01,4.031536039181690505e-03
3.367000000000000437e+00,-3.141592653589775352e-02,8.874999246391166441e-01,3.455577386023595075e-03
3.370000000000000551e+00,-2.094395102393153962e-02,8.915141819187033523e-01,2.303485546782094509e-03
3.373000000000000664e+00,-1.047197551196621390e-02,8.915141819187033523e-01,1.151568240465847704e-03
3.376000000000000778e+00,-5.235987755983551040e-03,8.915141819187033523e-01,5.757841202329512824e-04
3.379000000000000892e+00,1.047197551196576981e-02,8.915141819187033523e-01,-1.152440905091845023e-03
3.382000000000001005e+00,1.570796326794887676e-02,8.915141819187033523e-01,-1.728050492399596429e-03
3.385000000000001119e+00,2.094395102393198371e-02,8.915141819187033523e-01,-2.304009145557692727e-03
3.388000000000001233e+00,2.094395102393198371e-02,8.915141819187033523e-01,-2.303834612632493176e-03
3.391000000000001346e+00,2.094395102393198371e-02,8.915141819187033523e-01,-2.303834612632493176e-03
3.394000000000001460e+00,2.094395102393198371e-02,8.915141819187033523e-01,-2.303834612632493176e-03
3.397000000000001574e+00,1.570796326794887676e-02,8.915141819187033523e-01,-1.727614160086598204e-03
3.399000000000001354e+00,5.235987755983551040e-03,8.915141819187033523e-01,-5.756095873077517319e-04
3.402000000000001467e+00,0.000000000000000000e+00,8.915141819187033523e-01,1.745329251994396095e-07
3.405000000000001581e+00,-1.047197551196621390e-02,8.915141819187033523e-01,1.152266372166645689e-03
3.408000000000001695e+00,-2.094395102393153962e-02,8.915141819187033523e-01,2.304183678482891844e-03
3.411000000000001808e+00,-2.617993877991509066e-02,8.915141819187033523e-01,2.879967798715843234e-03
3.414000000000001922e+00,-3.141592653589775352e-02,8.915141819187033523e-01,3.455926451873994176e-03
3.417000000000002036e+00,-3.665191429188086047e-02,8.915141819187033523e-01,4.031885105032089606e-03
3.420000000000002149e+00,-3.665191429188086047e-02,8.915141819187033523e-01,4.031710572106890489e-03
3.423000000000002263e+00,-4.188790204786396743e-02,8.953539062730909714e-01,4.607843758190240981e-03
3.426000000000002377e+00,-4.188790204786396743e-02,8.993681635526780127e-01,4.607669225265040996e-03
3.429000000000002490e+00,-3.665191429188086047e-02,9.032078879070654098e-01,4.031536039181690505e-03
3.432000000000002604e+00,-3.665191429188086047e-02,9.070476122614530290e-01,4.031710572106890489e-03
3.435000000000002718e+00,-3.141592653589775352e-02,9.110618695410400703e-01,3.455577386023595075e-03
3.438000000000002832e+00,-2.617993877991509066e-02,9.150761268206270005e-01,2.879618732865444133e-03
3.441000000000002945e+00,-2.094395102393153962e-02,9.150761268206270005e-01,2.303660079707293626e-03
3.444000000000003059e+00,-1.047197551196621390e-02,9.150761268206270005e-01,1.151393707540648154e-03
3.446000000000002839e+00,-5.235987755983551040e-03,9.150761268206270005e-01,5.757841202329512824e-04
3.449000000000002952e+00,5.235987755983551040e-03,9.150761268206270005e-01,-5.763077190085493916e-04
3.452000000000003066e+00,1.570796326794887676e-02,9.150761268206270005e-01,-1.728137758862196421e-03
3.456000000000003070e+00,2.094395102393198371e-02,9.150761268206270005e-01,-2.304009145557692727e-03
3.459000000000003183e+00,2.094395102393198371e-02,9.150761268206270005e-01,-2.303834612632493176e-03
3.462000000000003297e+00,2.094395102393198371e-02,9.150761268206270005e-01,-2.303834612632493176e-03
3.465000000000003411e+00,2.094395102393198371e-02,9.150761268206270005e-01,-2.303834612632493176e-03
3.468000000000003524e+00,1.570796326794887676e-02,9.150761268206270005e-01,-1.727701426549197762e-03
3.471000000000003638e+00,1.047197551196576981e-02,9.150761268206270005e-01,-1.151655506928447479e-03
3.473000000000003418e+00,0.000000000000000000e+00,9.150761268206270005e-01,3.490658503988626489e-07
3.476000000000003531e+00,-1.047197551196621390e-02,9.150761268206270005e-01,1.152266372166645689e-03
3.479000000000003645e+00,-1.570796326794887676e-02,9.150761268206270005e-01,1.728050492399596429e-03
3.482000000000003759e+00,-2.094395102393153962e-02,9.150761268206270005e-01,2.304009145557692727e-03
3.485000000000003872e+00,-3.141592653589775352e-02,9.150761268206270005e-01,3.456100984799192859e-03
3.488000000000003986e+00,-3.141592653589775352e-02,9.150761268206270005e-01,3.455751918948794191e-03
3.491000000000004100e+00,-3.665191429188086047e-02,9.150761268206270005e-01,4.031885105032089606e-03
3.494000000000004214e+00,-3.665191429188086047e-02,9.150761268206270005e-01,4.031710572106890489e-03
3.497000000000004327e+00,-3.665191429188086047e-02,9.189158511750143976e-01,4.031710572106890489e-03
3.500000000000004441e+00,-3.141592653589775352e-02,9.229301084546015499e-01,3.455490119560995516e-03
3.502000000000004221e+00,-2.617993877991509066e-02,9.267698328089889470e-01,2.879618732865444133e-03
3.505000000000004334e+00,-2.094395102393153962e-02,9.267698328089889470e-01,2.303660079707293626e-03
3.508000000000004448e+00,-1.570796326794887676e-02,9.267698328089889470e-01,1.727701426549197762e-03
3.511000000000004562e+00,-5.235987755983551040e-03,9.267698328089889470e-01,5.756095873077517319e-04
3.514000000000004675e+00,0.000000000000000000e+00,9.267698328089889470e-01,-1.745329251994396095e-07
3.517000000000004789e+00,1.047197551196576981e-02,9.267698328089889470e-01,-1.152440905091845023e-03
3.519000000000004569e+00,1.047197551196576981e-02,9.267698328089889470e-01,-1.151917306316246588e-03
3.522000000000004682e+00,1.570796326794887676e-02,9.267698328089889470e-01,-1.728050492399596429e-03
3.525000000000004796e+00,1.570796326794887676e-02,9.267698328089889470e-01,-1.727875959474397096e-03
3.529000000000004800e+00,1.570796326794887676e-02,9.267698328089889470e-01,-1.727875959474397096e-03
3.531000000000004579e+00,5.235987755983551040e-03,9.267698328089889470e-01,-5.756968537703513987e-04
3.535000000000004583e+00,0.000000000000000000e+00,9.267698328089889470e-01,2.617993877991593613e-07
3.537000000000004363e+00,-1.047197551196621390e-02,9.267698328089889470e-01,1.152266372166645689e-03
3.540000000000004476e+00,-1.570796326794887676e-02,9.267698328089889470e-01,1.728050492399596429e-03
3.543000000000004590e+00,-2.617993877991509066e-02,9.267698328089889470e-01,2.880142331641042785e-03
3.546000000000004704e+00,-3.141592653589775352e-02,9.267698328089889470e-01,3.455926451873994176e-03
3.549000000000004817e+00,-3.141592653589775352e-02,9.267698328089889470e-01,3.455751918948794191e-03
3.552000000000004931e+00,-3.665191429188086047e-02,9.267698328089889470e-01,4.031885105032089606e-03
3.555000000000005045e+00,-3.665191429188086047e-02,9.267698328089889470e-01,4.031710572106890489e-03
3.557000000000004825e+00,-3.665191429188086047e-02,9.307840900885758773e-01,4.031710572106890489e-03
3.560000000000004938e+00,-3.141592653589775352e-02,9.346238144429633854e-01,3.455577386023595075e-03
3.563000000000005052e+00,-2.094395102393153962e-02,9.386380717225505377e-01,2.303572813244694501e-03
3.567000000000005056e+00,-1.570796326794887676e-02,9.386380717225505377e-01,1.727701426549197762e-03
3.570000000000005169e+00,-5.235987755983551040e-03,9.386380717225505377e-01,5.756095873077517319e-04
3.573000000000005283e+00,0.000000000000000000e+00,9.386380717225505377e-01,-1.745329251994396095e-07
3.576000000000005397e+00,1.047197551196576981e-02,9.386380717225505377e-01,-1.152266372166645689e-03
3.579000000000005510e+00,1.047197551196576981e-02,9.386380717225505377e-01,-1.151917306316246588e-03
3.581000000000005290e+00,1.047197551196576981e-02,9.386380717225505377e-01,-1.151917306316246588e-03
3.584000000000005404e+00,1.047197551196576981e-02,9.386380717225505377e-01,-1.151917306316246588e-03
3.587000000000005517e+00,1.047197551196576981e-02,9.386380717225505377e-01,-1.151917306316246588e-03
3.590000000000005631e+00,0.000000000000000000e+00,9.386380717225505377e-01,3.490658503988626489e-07
3.593000000000005745e+00,-5.235987755983551040e-03,9.386380717225505377e-01,5.761331860833500580e-04
3.596000000000005858e+00,-1.570796326794887676e-02,9.386380717225505377e-01,1.728225025324796197e-03
3.599000000000005972e+00,-2.094395102393153962e-02,9.386380717225505377e-01,2.304009145557692727e-03
3.602000000000006086e+00,-3.141592653589775352e-02,9.386380717225505377e-01,3.456100984799192859e-03
3.605000000000006199e+00,-3.141592653589775352e-02,9.386380717225505377e-01,3.455751918948794191e-03
3.608000000000006313e+00,-3.665191429188086047e-02,9.386380717225505377e-01,4.031885105032089606e-03
3.611000000000006427e+00,-3.665191429188086047e-02,9.386380717225505377e-01,4.031710572106890489e-03
3.614000000000006541e+00,-3.665191429188086047e-02,9.424777960769379348e-01,4.031710572106890489e-03
3.617000000000006654e+00,-3.141592653589775352e-02,9.463175204313254429e-01,3.455577386023595075e-03
3.620000000000006768e+00,-2.617993877991509066e-02,9.503317777109125952e-01,2.879618732865444133e-03
3.623000000000006882e+00,-2.094395102393153962e-02,9.503317777109125952e-01,2.303572813244694501e-03
3.625000000000006661e+00,-1.047197551196621390e-02,9.503317777109125952e-01,1.151568240465847704e-03
3.628000000000006775e+00,-5.235987755983551040e-03,9.503317777109125952e-01,5.757841202329512824e-04
3.631000000000006889e+00,0.000000000000000000e+00,9.503317777109125952e-01,-1.745329251994396095e-07
3.634000000000007002e+00,5.235987755983551040e-03,9.503317777109125952e-01,-5.761331860833500580e-04
3.637000000000007116e+00,5.235987755983551040e-03,9.503317777109125952e-01,-5.759586531581506160e-04
3.640000000000007230e+00,5.235987755983551040e-03,9.503317777109125952e-01,-5.759586531581506160e-04
3.643000000000007343e+00,5.235987755983551040e-03,9.503317777109125952e-01,-5.759586531581506160e-04
3.646000000000007457e+00,-5.235987755983551040e-03,9.503317777109125952e-01,5.764822519337489421e-04
3.648000000000007237e+00,-1.047197551196621390e-02,9.503317777109125952e-01,1.152091839241445922e-03
3.651000000000007351e+00,-1.570796326794887676e-02,9.503317777109125952e-01,1.728050492399596429e-03
3.654000000000007464e+00,-2.617993877991509066e-02,9.503317777109125952e-01,2.880142331641042785e-03
3.657000000000007578e+00,-3.141592653589775352e-02,9.503317777109125952e-01,3.455926451873994176e-03
3.660000000000007692e+00,-3.665191429188086047e-02,9.503317777109125952e-01,4.031972371494689164e-03
3.662000000000007471e+00,-3.665191429188086047e-02,9.503317777109125952e-01,4.031710572106890489e-03
3.666000000000007475e+00,-3.665191429188086047e-02,9.543460349904993034e-01,4.031710572106890489e-03
3.668000000000007255e+00,-3.665191429188086047e-02,9.581857593448869226e-01,4.031710572106890489e-03
3.671000000000007368e+00,-3.141592653589775352e-02,9.622000166244739638e-01,3.455577386023595075e-03
3.674000000000007482e+00,-2.617993877991509066e-02,9.660397409788613610e-01,2.879662366096744346e-03
3.678000000000007486e+00,-1.570796326794887676e-02,9.660397409788613610e-01,1.727526893623998212e-03
3.681000000000007599e+00,-5.235987755983551040e-03,9.660397409788613610e-01,5.754350543825521814e-04
3.683000000000007379e+00,0.000000000000000000e+00,9.660397409788613610e-01,-1.745329251994396095e-07
3.686000000000007493e+00,5.235987755983551040e-03,9.660397409788613610e-01,-5.761331860833500580e-04
3.689000000000007606e+00,5.235987755983551040e-03,9.660397409788613610e-01,-5.759586531581506160e-04
3.692000000000007720e+00,1.047197551196576981e-02,9.660397409788613610e-01,-1.152091839241445922e-03
3.695000000000007834e+00,5.235987755983551040e-03,9.660397409788613610e-01,-5.757841202329512824e-04
3.698000000000007947e+00,0.000000000000000000e+00,9.660397409788613610e-01,1.745329251994396095e-07
3.701000000000008061e+00,-5.235987755983551040e-03,9.660397409788613610e-01,5.762204525459497248e-04
3.703000000000007841e+00,-1.570796326794887676e-02,9.660397409788613610e-01,1.728225025324796197e-03
3.706000000000007955e+00,-2.094395102393153962e-02,9.660397409788613610e-01,2.304009145557692727e-03
3.709000000000008068e+00,-3.141592653589775352e-02,9.660397409788613610e-01,3.456013718336592867e-03
3.713000000000008072e+00,-3.665191429188086047e-02,9.660397409788613610e-01,4.031885105032089606e-03
3.716000000000008185e+00,-3.665191429188086047e-02,9.660397409788613610e-01,4.031710572106890489e-03
3.719000000000008299e+00,-3.665191429188086047e-02,9.700539982584482912e-01,4.031710572106890489e-03
3.721000000000008079e+00,-3.665191429188086047e-02,9.738937226128357993e-01,4.031710572106890489e-03
3.724000000000008193e+00,-3.665191429188086047e-02,9.779079798924227296e-01,4.031710572106890489e-03
3.727000000000008306e+00,-2.617993877991509066e-02,9.817477042468103487e-01,2.879444199940245450e-03
3.730000000000008420e+00,-2.094395102393153962e-02,9.855874286011978569e-01,2.303660079707293626e-03
3.733000000000008534e+00,-1.047197551196621390e-02,9.855874286011978569e-01,1.151568240465847704e-03
3.736000000000008647e+00,-5.235987755983551040e-03,9.855874286011978569e-01,5.756968537703513987e-04
3.738000000000008427e+00,0.000000000000000000e+00,9.855874286011978569e-01,-1.745329251994396095e-07
3.741000000000008541e+00,5.235987755983551040e-03,9.855874286011978569e-01,-5.761331860833500580e-04
3.744000000000008654e+00,1.047197551196576981e-02,9.855874286011978569e-01,-1.152091839241445922e-03
3.747000000000008768e+00,1.047197551196576981e-02,9.855874286011978569e-01,-1.151917306316246588e-03
3.750000000000008882e+00,1.047197551196576981e-02,9.855874286011978569e-01,-1.151917306316246588e-03
3.753000000000008995e+00,0.000000000000000000e+00,9.855874286011978569e-01,3.490658503988626489e-07
3.756000000000009109e+00,-5.235987755983551040e-03,9.855874286011978569e-01,5.761331860833500580e-04
3.759000000000009223e+00,-1.570796326794887676e-02,9.855874286011978569e-01,1.728225025324796197e-03
3.762000000000009337e+00,-2.617993877991509066e-02,9.855874286011978569e-01,2.880142331641042785e-03
3.765000000000009450e+00,-3.141592653589775352e-02,9.855874286011978569e-01,3.455926451873994176e-03
3.768000000000009564e+00,-3.665191429188086047e-02,9.855874286011978569e-01,4.031972371494689164e-03
3.770000000000009344e+00,-3.665191429188086047e-02,9.855874286011978569e-01,4.031710572106890489e-03
3.773000000000009457e+00,-3.665191429188086047e-02,9.896016858807847871e-01,4.031710572106890489e-03
3.776000000000009571e+00,-3.665191429188086047e-02,9.936159431603717174e-01,4.031710572106890489e-03
3.780000000000009575e+00,-3.665191429188086047e-02,9.974556675147593365e-01,4.031710572106890489e-03
3.783000000000009688e+00,-3.141592653589775352e-02,1.001469924794346378e+00,3.455577386023595075e-03
3.786000000000009802e+00,-2.094395102393153962e-02,1.005309649148733886e+00,2.303485546782094509e-03
3.789000000000009916e+00,-1.047197551196621390e-02,1.005309649148733886e+00,1.151568240465847704e-03
3.792000000000010029e+00,-5.235987755983551040e-03,1.005309649148733886e+00,5.757841202329512824e-04
3.795000000000010143e+00,5.235987755983551040e-03,1.005309649148733886e+00,-5.763077190085493916e-04
3.798000000000010257e+00,1.047197551196576981e-02,1.005309649148733886e+00,-1.152091839241445922e-03
3.801000000000010370e+00,1.570796326794887676e-02,1.005309649148733886e+00,-1.728050492399596429e-03
3.804000000000010484e+00,1.570796326794887676e-02,1.005309649148733886e+00,-1.727875959474397096e-03
3.806000000000010264e+00,1.570796326794887676e-02,1.005309649148733886e+00,-1.727875959474397096e-03
3.809000000000010377e+00,1.570796326794887676e-02,1.005309649148733886e+00,-1.727875959474397096e-03
3.812000000000010491e+00,1.047197551196576981e-02,1.005309649148733886e+00,-1.151742773391047255e-03
3.815000000000010605e+00,0.000000000000000000e+00,1.005309649148733886e+00,3.490658503988626489e-07
3.818000000000010719e+00,-5.235987755983551040e-03,1.005309649148733886e+00,5.761331860833500580e-04
3.821000000000010832e+00,-1.570796326794887676e-02,1.005309649148733886e+00,1.728225025324796197e-03
3.824000000000010946e+00,-2.617993877991509066e-02,1.005309649148733886e+00,2.880142331641042785e-03
3.827000000000011060e+00,-3.141592653589775352e-02,1.005309649148733886e+00,3.455926451873994176e-03
3.830000000000011173e+00,-3.665191429188086047e-02,1.005309649148733886e+00,4.031885105032089606e-03
3.833000000000011287e+00,-3.665191429188086047e-02,1.005309649148733886e+00,4.031710572106890489e-03
3.836000000000011401e+00,-3.665191429188086047e-02,1.009323906428320816e+00,4.031710572106890489e-03
3.839000000000011514e+00,-3.665191429188086047e-02,1.013163630782708324e+00,4.031710572106890489e-03
3.842000000000011628e+00,-3.665191429188086047e-02,1.017177888062295255e+00,4.031710572106890489e-03
3.845000000000011742e+00,-3.141592653589775352e-02,1.021017612416682763e+00,3.455577386023595075e-03
3.848000000000011855e+00,-2.617993877991509066e-02,1.024857336771070271e+00,2.879618732865444133e-03
3.851000000000011969e+00,-1.570796326794887676e-02,1.024857336771070271e+00,1.727352360698798878e-03
3.853000000000011749e+00,-1.047197551196621390e-02,1.024857336771070271e+00,1.151742773391047255e-03
3.856000000000011863e+00,0.000000000000000000e+00,1.024857336771070271e+00,-3.490658503988626489e-07
3.859000000000011976e+00,1.047197551196576981e-02,1.024857336771070271e+00,-1.152179105704045697e-03
3.863000000000011980e+00,1.570796326794887676e-02,1.024857336771070271e+00,-1.728050492399596429e-03
3.866000000000012093e+00,1.570796326794887676e-02,1.024857336771070271e+00,-1.727875959474397096e-03
3.868000000000011873e+00,1.570796326794887676e-02,1.024857336771070271e+00,-1.727875959474397096e-03
3.871000000000011987e+00,1.570796326794887676e-02,1.024857336771070271e+00,-1.727875959474397096e-03
3.874000000000012101e+00,1.570796326794887676e-02,1.024857336771070271e+00,-1.727875959474397096e-03
3.877000000000012214e+00,1.047197551196576981e-02,1.024857336771070271e+00,-1.151742773391047255e-03
3.880000000000012328e+00,0.000000000000000000e+00,1.024857336771070271e+00,3.490658503988626489e-07
3.883000000000012442e+00,-1.047197551196621390e-02,1.024857336771070271e+00,1.152266372166645689e-03
3.886000000000012555e+00,-1.570796326794887676e-02,1.024857336771070271e+00,1.728050492399596429e-03
3.889000000000012669e+00,-2.094395102393153962e-02,1.024857336771070271e+00,2.304009145557692727e-03
3.892000000000012783e+00,-2.617993877991509066e-02,1.024857336771070271e+00,2.879967798715843234e-03
3.895000000000012896e+00,-3.141592653589775352e-02,1.024857336771070271e+00,3.455926451873994176e-03
3.898000000000013010e+00,-3.141592653589775352e-02,1.024857336771070271e+00,3.455751918948794191e-03
3.902000000000013014e+00,-3.141592653589775352e-02,1.024857336771070271e+00,3.455751918948794191e-03
3.904000000000012793e+00,-3.141592653589775352e-02,1.024857336771070271e+00,3.455751918948794191e-03
3.907000000000012907e+00,-3.141592653589775352e-02,1.024857336771070271e+00,3.455751918948794191e-03
3.910000000000013021e+00,-2.617993877991509066e-02,1.024857336771070271e+00,2.879618732865444133e-03
3.913000000000013134e+00,-2.094395102393153962e-02,1.024857336771070271e+00,2.303660079707293626e-03
3.916000000000013248e+00,-1.570796326794887676e-02,1.024857336771070271e+00,1.727614160086598204e-03
3.918000000000013028e+00,-1.047197551196621390e-02,1.024857336771070271e+00,1.151742773391047255e-03
3.921000000000013141e+00,-5.235987755983551040e-03,1.024857336771070271e+00,5.757841202329512824e-04
3.924000000000013255e+00,0.000000000000000000e+00,1.024857336771070271e+00,-1.745329251994396095e-07
3.927000000000013369e+00,0.000000000000000000e+00,1.024857336771070271e+00,0.000000000000000000e+00
3.930000000000013483e+00,0.000000000000000000e+00,1.024857336771070271e+00,0.000000000000000000e+00
3.932000000000013262e+00,-5.235987755983551040e-03,1.024857336771070271e+00,5.761331860833500580e-04
3.935000000000013376e+00,-1.047197551196621390e-02,1.024857336771070271e+00,1.152091839241445922e-03
3.938000000000013490e+00,-1.570796326794887676e-02,1.024857336771070271e+00,1.728050492399596429e-03
3.941000000000013603e+00,-2.094395102393153962e-02,1.024857336771070271e+00,2.304009145557692727e-03
3.944000000000013717e+00,-2.617993877991509066e-02,1.024857336771070271e+00,2.879967798715843234e-03
3.947000000000013831e+00,-3.141592653589775352e-02,1.024857336771070271e+00,3.455926451873994176e-03
3.950000000000013944e+00,-3.665191429188086047e-02,1.024857336771070271e+00,4.031972371494689164e-03
3.952000000000013724e+00,-3.665191429188086047e-02,1.024857336771070271e+00,4.031710572106890489e-03
3.955000000000013838e+00,-4.188790204786396743e-02,1.028871594050657201e+00,4.607843758190240981e-03
3.958000000000013952e+00,-4.188790204786396743e-02,1.032885851330244131e+00,4.607669225265040996e-03
3.961000000000014065e+00,-4.188790204786396743e-02,1.036725575684631639e+00,4.607669225265040996e-03
3.964000000000014179e+00,-3.665191429188086047e-02,1.040739832964218570e+00,4.031536039181690505e-03
3.967000000000014293e+00,-3.141592653589775352e-02,1.044579557318606300e+00,3.455577386023595075e-03
3.970000000000014406e+00,-2.094395102393153962e-02,1.048593814598193230e+00,2.303485546782094509e-03
3.973000000000014520e+00,-1.570796326794887676e-02,1.048593814598193230e+00,1.727701426549197762e-03
3.976000000000014634e+00,-5.235987755983551040e-03,1.048593814598193230e+00,5.756095873077517319e-04
3.979000000000014747e+00,0.000000000000000000e+00,1.048593814598193230e+00,-1.745329251994396095e-07
3.982000000000014861e+00,5.235987755983551040e-03,1.048593814598193230e+00,-5.761331860833500580e-04
3.985000000000014975e+00,1.047197551196576981e-02,1.048593814598193230e+00,-1.152091839241445922e-03
3.988000000000015088e+00,1.047197551196576981e-02,1.048593814598193230e+00,-1.151917306316246588e-03
3.991000000000015202e+00,1.047197551196576981e-02,1.048593814598193230e+00,-1.151917306316246588e-03
3.993000000000014982e+00,1.047197551196576981e-02,1.048593814598193230e+00,-1.151917306316246588e-03
3.996000000000015095e+00,5.235987755983551040e-03,1.048593814598193230e+00,-5.757841202329512824e-04
3.999000000000015209e+00,-5.235987755983551040e-03,1.048593814598193230e+00,5.763077190085493916e-04
4.002000000000014879e+00,-1.047197551196621390e-02,1.048593814598193230e+00,1.152091839241445922e-03
4.005000000000014992e+00,-2.094395102393153962e-02,1.048593814598193230e+00,2.304183678482891844e-03
4.008000000000015106e+00,-2.617993877991509066e-02,1.048593814598193230e+00,2.879967798715843234e-03
4.011000000000015220e+00,-3.141592653589775352e-02,1.048593814598193230e+00,3.455926451873994176e-03
4.014000000000015334e+00,-3.665191429188086047e-02,1.048593814598193230e+00,4.031885105032089606e-03
4.017000000000015447e+00,-3.665191429188086047e-02,1.048593814598193230e+00,4.031710572106890489e-03
4.020000000000015561e+00,-3.665191429188086047e-02,1.052433538952580516e+00,4.031710572106890489e-03
4.023000000000015675e+00,-3.141592653589775352e-02,1.056447796232167669e+00,3.455577386023595075e-03
4.026000000000015788e+00,-2.617993877991509066e-02,1.060287520586555177e+00,2.879618732865444133e-03
4.029000000000015902e+00,-2.094395102393153962e-02,1.060287520586555177e+00,2.303572813244694501e-03
4.031000000000015682e+00,-1.570796326794887676e-02,1.060287520586555177e+00,1.727701426549197762e-03
4.034000000000015795e+00,-5.235987755983551040e-03,1.060287520586555177e+00,5.756095873077517319e-04
4.037000000000015909e+00,0.000000000000000000e+00,1.060287520586555177e+00,-1.745329251994396095e-07
4.040000000000016023e+00,5.235987755983551040e-03,1.060287520586555177e+00,-5.761331860833500580e-04
4.043000000000016136e+00,1.047197551196576981e-02,1.060287520586555177e+00,-1.152091839241445922e-03
4.046000000000016250e+00,1.047197551196576981e-02,1.060287520586555177e+00,-1.151917306316246588e-03
4.049000000000016364e+00,1.047197551196576981e-02,1.060287520586555177e+00,-1.151917306316246588e-03
4.052000000000016477e+00,5.235987755983551040e-03,1.060287520586555177e+00,-5.756968537703513987e-04
4.054000000000016257e+00,-5.235987755983551040e-03,1.060287520586555177e+00,5.763077190085493916e-04
4.057000000000016371e+00,-1.047197551196621390e-02,1.060287520586555177e+00,1.152091839241445922e-03
4.060000000000016485e+00,-2.094395102393153962e-02,1.060287520586555177e+00,2.304183678482891844e-03
4.063000000000016598e+00,-2.617993877991509066e-02,1.060287520586555177e+00,2.879967798715843234e-03
4.066000000000016712e+00,-3.141592653589775352e-02,1.060287520586555177e+00,3.456013718336592867e-03
4.068000000000016492e+00,-3.665191429188086047e-02,1.060287520586555177e+00,4.031885105032089606e-03
4.071000000000016605e+00,-3.665191429188086047e-02,1.060287520586555177e+00,4.031710572106890489e-03
4.074000000000016719e+00,-3.665191429188086047e-02,1.064127244940942685e+00,4.031710572106890489e-03
4.077000000000016833e+00,-3.665191429188086047e-02,1.068141502220529615e+00,4.031710572106890489e-03
4.080000000000016946e+00,-3.665191429188086047e-02,1.072155759500116545e+00,4.031710572106890489e-03
4.084000000000016506e+00,-2.617993877991509066e-02,1.075995483854504275e+00,2.879444199940245450e-03
4.087000000000016620e+00,-2.094395102393153962e-02,1.080009741134091206e+00,2.303572813244694501e-03
4.089000000000016399e+00,-1.047197551196621390e-02,1.080009741134091206e+00,1.151568240465847704e-03
4.092000000000016513e+00,0.000000000000000000e+00,1.080009741134091206e+00,-3.490658503988626489e-07
4.095000000000016627e+00,5.235987755983551040e-03,1.080009741134091206e+00,-5.761331860833500580e-04
4.098000000000016740e+00,1.047197551196576981e-02,1.080009741134091206e+00,-1.152091839241445922e-03
4.101000000000016854e+00,1.570796326794887676e-02,1.080009741134091206e+00,-1.728050492399596429e-03
4.104000000000016968e+00,1.570796326794887676e-02,1.080009741134091206e+00,-1.727875959474397096e-03
4.107000000000017081e+00,1.570796326794887676e-02,1.080009741134091206e+00,-1.727875959474397096e-03
4.109000000000016861e+00,1.047197551196576981e-02,1.080009741134091206e+00,-1.151742773391047255e-03
4.112000000000016975e+00,0.000000000000000000e+00,1.080009741134091206e+00,3.490658503988626489e-07
4.115000000000017089e+00,-1.047197551196621390e-02,1.080009741134091206e+00,1.152179105704045697e-03
4.119000000000016648e+00,-2.094395102393153962e-02,1.080009741134091206e+00,2.304358211408091394e-03
4.121000000000016428e+00,-2.617993877991509066e-02,1.080009741134091206e+00,2.879967798715843234e-03
4.124000000000016541e+00,-3.141592653589775352e-02,1.080009741134091206e+00,3.455926451873994176e-03
4.127000000000016655e+00,-3.141592653589775352e-02,1.080009741134091206e+00,3.455751918948794191e-03
4.130000000000016769e+00,-3.665191429188086047e-02,1.080009741134091206e+00,4.031885105032089606e-03
4.133000000000016882e+00,-3.665191429188086047e-02,1.080009741134091206e+00,4.031710572106890489e-03
4.136000000000016996e+00,-3.141592653589775352e-02,1.083849465488478714e+00,3.455490119560995516e-03
4.138000000000016776e+00,-2.617993877991509066e-02,1.087863722768065644e+00,2.879618732865444133e-03
4.141000000000016890e+00,-2.094395102393153962e-02,1.087863722768065644e+00,2.303660079707293626e-03
4.144000000000017003e+00,-1.047197551196621390e-02,1.087863722768065644e+00,1.151568240465847704e-03
4.147000000000017117e+00,-5.235987755983551040e-03,1.087863722768065644e+00,5.757841202329512824e-04
4.150000000000017231e+00,0.000000000000000000e+00,1.087863722768065644e+00,-1.745329251994396095e-07
4.153000000000017344e+00,5.235987755983551040e-03,1.087863722768065644e+00,-5.761331860833500580e-04
4.156000000000017458e+00,5.235987755983551040e-03,1.087863722768065644e+00,-5.759586531581506160e-04
4.159000000000017572e+00,5.235987755983551040e-03,1.087863722768065644e+00,-5.759586531581506160e-04
4.162000000000017685e+00,0.000000000000000000e+00,1.087863722768065644e+00,1.745329251994396095e-07
4.165000000000017799e+00,-1.047197551196621390e-02,1.087863722768065644e+00,1.152266372166645689e-03
4.168000000000017913e+00,-1.570796326794887676e-02,1.087863722768065644e+00,1.728050492399596429e-03
4.171000000000018026e+00,-2.617993877991509066e-02,1.087863722768065644e+00,2.880142331641042785e-03
4.174000000000018140e+00,-3.141592653589775352e-02,1.087863722768065644e+00,3.455926451873994176e-03
4.177000000000018254e+00,-3.665191429188086047e-02,1.087863722768065644e+00,4.031885105032089606e-03
4.180000000000018368e+00,-3.665191429188086047e-02,1.087863722768065644e+00,4.031710572106890489e-03
4.182000000000018147e+00,-4.188790204786396743e-02,1.091703447122452930e+00,4.607843758190240981e-03
4.185000000000018261e+00,-4.188790204786396743e-02,1.095717704402040082e+00,4.607669225265040996e-03
4.188000000000018375e+00,-3.665191429188086047e-02,1.099557428756427591e+00,4.031536039181690505e-03
4.191000000000018488e+00,-2.617993877991509066e-02,1.103397153110815099e+00,2.879531466402844575e-03
4.195000000000018048e+00,-2.094395102393153962e-02,1.107411410390402029e+00,2.303660079707293626e-03
4.198000000000018161e+00,-1.047197551196621390e-02,1.107411410390402029e+00,1.151568240465847704e-03
4.201000000000018275e+00,-5.235987755983551040e-03,1.107411410390402029e+00,5.757841202329512824e-04
4.204000000000018389e+00,0.000000000000000000e+00,1.107411410390402029e+00,-2.617993877991593613e-07
4.206000000000018169e+00,5.235987755983551040e-03,1.107411410390402029e+00,-5.761331860833500580e-04
4.209000000000018282e+00,1.047197551196576981e-02,1.107411410390402029e+00,-1.152091839241445922e-03
4.212000000000018396e+00,1.047197551196576981e-02,1.107411410390402029e+00,-1.151917306316246588e-03
4.215000000000018510e+00,5.235987755983551040e-03,1.107411410390402029e+00,-5.757841202329512824e-04
4.218000000000018623e+00,0.000000000000000000e+00,1.107411410390402029e+00,1.745329251994396095e-07
4.221000000000018737e+00,-1.047197551196621390e-02,1.107411410390402029e+00,1.152266372166645689e-03
4.224000000000018851e+00,-1.570796326794887676e-02,1.107411410390402029e+00,1.728137758862196421e-03
4.226000000000018630e+00,-2.617993877991509066e-02,1.107411410390402029e+00,2.880055065178442793e-03
4.230000000000018190e+00,-3.141592653589775352e-02,1.107411410390402029e+00,3.456013718336592867e-03
4.232000000000017970e+00,-3.665191429188086047e-02,1.107411410390402029e+00,4.031885105032089606e-03
4.235000000000018083e+00,-3.665191429188086047e-02,1.107411410390402029e+00,4.031710572106890489e-03
4.238000000000018197e+00,-3.665191429188086047e-02,1.111425667669988959e+00,4.031710572106890489e-03
4.241000000000018311e+00,-3.665191429188086047e-02,1.115265392024376467e+00,4.031710572106890489e-03
4.244000000000018424e+00,-3.141592653589775352e-02,1.119105116378764198e+00,3.455577386023595075e-03
4.247000000000018538e+00,-2.617993877991509066e-02,1.123119373658350906e+00,2.879618732865444133e-03
4.250000000000018652e+00,-1.570796326794887676e-02,1.123119373658350906e+00,1.727526893623998212e-03
4.253000000000018765e+00,-1.047197551196621390e-02,1.123119373658350906e+00,1.151742773391047255e-03
4.256000000000018879e+00,0.000000000000000000e+00,1.123119373658350906e+00,-3.490658503988626489e-07
4.259000000000018993e+00,5.235987755983551040e-03,1.123119373658350906e+00,-5.762204525459497248e-04
4.261000000000018773e+00,1.047197551196576981e-02,1.123119373658350906e+00,-1.152091839241445922e-03
4.264000000000018886e+00,1.047197551196576981e-02,1.123119373658350906e+00,-1.151917306316246588e-03
4.268000000000018446e+00,1.047197551196576981e-02,1.123119373658350906e+00,-1.151917306316246588e-03
4.271000000000018559e+00,5.235987755983551040e-03,1.123119373658350906e+00,-5.756968537703513987e-04
4.273000000000018339e+00,0.000000000000000000e+00,1.123119373658350906e+00,1.745329251994396095e-07
4.276000000000018453e+00,-1.047197551196621390e-02,1.123119373658350906e+00,1.152266372166645689e-03
4.279000000000018566e+00,-2.094395102393153962e-02,1.123119373658350906e+00,2.304183678482891844e-03
4.282000000000018680e+00,-2.617993877991509066e-02,1.123119373658350906e+00,2.879967798715843234e-03
4.285000000000018794e+00,-3.141592653589775352e-02,1.123119373658350906e+00,3.455926451873994176e-03
4.288000000000018908e+00,-3.665191429188086047e-02,1.123119373658350906e+00,4.031885105032089606e-03
4.291000000000019021e+00,-4.188790204786396743e-02,1.123119373658350906e+00,4.607931024652839672e-03
4.293000000000018801e+00,-4.188790204786396743e-02,1.126959098012738414e+00,4.607669225265040996e-03
4.296000000000018915e+00,-4.188790204786396743e-02,1.130973355292325344e+00,4.607669225265040996e-03
4.299000000000019028e+00,-3.665191429188086047e-02,1.134813079646713074e+00,4.031536039181690505e-03
4.302000000000019142e+00,-3.141592653589775352e-02,1.138827336926300005e+00,3.455621019254894854e-03
4.306000000000018701e+00,-2.617993877991509066e-02,1.142667061280687513e+00,2.879531466402844575e-03
4.308000000000018481e+00,-2.094395102393153962e-02,1.142667061280687513e+00,2.303660079707293626e-03
4.311000000000018595e+00,-1.047197551196621390e-02,1.142667061280687513e+00,1.151568240465847704e-03
4.314000000000018709e+00,-5.235987755983551040e-03,1.142667061280687513e+00,5.757841202329512824e-04
4.317000000000018822e+00,5.235987755983551040e-03,1.142667061280687513e+00,-5.763077190085493916e-04
4.320000000000018936e+00,1.047197551196576981e-02,1.142667061280687513e+00,-1.152179105704045697e-03
4.322000000000018716e+00,1.047197551196576981e-02,1.142667061280687513e+00,-1.151917306316246588e-03
4.325000000000018829e+00,1.047197551196576981e-02,1.142667061280687513e+00,-1.151917306316246588e-03
4.328000000000018943e+00,1.047197551196576981e-02,1.142667061280687513e+00,-1.151917306316246588e-03
4.331000000000019057e+00,1.047197551196576981e-02,1.142667061280687513e+00,-1.151917306316246588e-03
4.334000000000019170e+00,5.235987755983551040e-03,1.142667061280687513e+00,-5.757841202329512824e-04
4.337000000000019284e+00,-5.235987755983551040e-03,1.142667061280687513e+00,5.763077190085493916e-04
4.340000000000019398e+00,-1.047197551196621390e-02,1.142667061280687513e+00,1.152091839241445922e-03
4.343000000000019512e+00,-2.094395102393153962e-02,1.142667061280687513e+00,2.304183678482891844e-03
4.346000000000019625e+00,-2.617993877991509066e-02,1.142667061280687513e+00,2.880055065178442793e-03
4.348000000000019405e+00,-3.141592653589775352e-02,1.142667061280687513e+00,3.455926451873994176e-03
4.351000000000019519e+00,-3.141592653589775352e-02,1.142667061280687513e+00,3.455751918948794191e-03
4.354000000000019632e+00,-3.665191429188086047e-02,1.142667061280687513e+00,4.031885105032089606e-03
4.357000000000019746e+00,-3.665191429188086047e-02,1.142667061280687513e+00,4.031710572106890489e-03
4.360000000000019860e+00,-3.665191429188086047e-02,1.146681318560274665e+00,4.031710572106890489e-03
4.363000000000019973e+00,-3.141592653589775352e-02,1.150695575839861595e+00,3.455577386023595075e-03
4.366000000000020087e+00,-2.617993877991509066e-02,1.154535300194249103e+00,2.879618732865444133e-03
4.369000000000020201e+00,-2.094395102393153962e-02,1.154535300194249103e+00,2.303572813244694501e-03
4.371000000000019980e+00,-1.570796326794887676e-02,1.154535300194249103e+00,1.727701426549197762e-03
4.374000000000020094e+00,-5.235987755983551040e-03,1.154535300194249103e+00,5.756968537703513987e-04
4.378000000000019654e+00,0.000000000000000000e+00,1.154535300194249103e+00,-1.745329251994396095e-07
4.381000000000019767e+00,5.235987755983551040e-03,1.154535300194249103e+00,-5.761331860833500580e-04
4.384000000000019881e+00,1.047197551196576981e-02,1.154535300194249103e+00,-1.152091839241445922e-03
4.387000000000019995e+00,1.047197551196576981e-02,1.154535300194249103e+00,-1.151917306316246588e-03
4.390000000000020108e+00,1.047197551196576981e-02,1.154535300194249103e+00,-1.151917306316246588e-03
4.393000000000020222e+00,5.235987755983551040e-03,1.154535300194249103e+00,-5.756968537703513987e-04
4.395000000000020002e+00,-5.235987755983551040e-03,1.154535300194249103e+00,5.763077190085493916e-04
4.398000000000020115e+00,-1.047197551196621390e-02,1.154535300194249103e+00,1.152091839241445922e-03
4.401000000000020229e+00,-2.094395102393153962e-02,1.154535300194249103e+00,2.304183678482891844e-03
4.404000000000020343e+00,-2.617993877991509066e-02,1.154535300194249103e+00,2.879967798715843234e-03
4.407000000000020457e+00,-3.141592653589775352e-02,1.154535300194249103e+00,3.455926451873994176e-03
4.410000000000020570e+00,-3.665191429188086047e-02,1.154535300194249103e+00,4.031972371494689164e-03
4.412000000000020350e+00,-3.665191429188086047e-02,1.154535300194249103e+00,4.031710572106890489e-03
4.416000000000019909e+00,-3.665191429188086047e-02,1.158375024548636611e+00,4.031710572106890489e-03
4.419000000000020023e+00,-3.665191429188086047e-02,1.162389281828223320e+00,4.031710572106890489e-03
4.422000000000020137e+00,-3.665191429188086047e-02,1.166229006182610828e+00,4.031710572106890489e-03
4.425000000000020250e+00,-3.141592653589775352e-02,1.170243263462197980e+00,3.455490119560995516e-03
4.427000000000020030e+00,-2.617993877991509066e-02,1.174082987816585488e+00,2.879618732865444133e-03
4.430000000000020144e+00,-2.094395102393153962e-02,1.174082987816585488e+00,2.303660079707293626e-03
4.433000000000020258e+00,-1.047197551196621390e-02,1.174082987816585488e+00,1.151568240465847704e-03
4.436000000000020371e+00,-5.235987755983551040e-03,1.174082987816585488e+00,5.757841202329512824e-04
4.439000000000020485e+00,5.235987755983551040e-03,1.174082987816585488e+00,-5.763077190085493916e-04
4.442000000000020599e+00,1.047197551196576981e-02,1.174082987816585488e+00,-1.152091839241445922e-03
4.445000000000020712e+00,1.047197551196576981e-02,1.174082987816585488e+00,-1.151917306316246588e-03
4.447000000000020492e+00,1.570796326794887676e-02,1.174082987816585488e+00,-1.728006859168296433e-03
4.451000000000020052e+00,1.570796326794887676e-02,1.174082987816585488e+00,-1.727875959474397096e-03
4.453000000000019831e+00,1.047197551196576981e-02,1.174082987816585488e+00,-1.151742773391047255e-03
4.456000000000019945e+00,5.235987755983551040e-03,1.174082987816585488e+00,-5.757841202329512824e-04
4.459000000000020059e+00,-5.235987755983551040e-03,1.174082987816585488e+00,5.763077190085493916e-04
4.462000000000020172e+00,-1.047197551196621390e-02,1.174082987816585488e+00,1.152091839241445922e-03
4.465000000000020286e+00,-2.094395102393153962e-02,1.174082987816585488e+00,2.304183678482891844e-03
4.468000000000020400e+00,-2.617993877991509066e-02,1.174082987816585488e+00,2.879967798715843234e-03
4.471000000000020513e+00,-3.141592653589775352e-02,1.174082987816585488e+00,3.456013718336592867e-03
4.473000000000020293e+00,-3.141592653589775352e-02,1.174082987816585488e+00,3.455751918948794191e-03
4.476000000000020407e+00,-3.141592653589775352e-02,1.174082987816585488e+00,3.455751918948794191e-03
4.479000000000020520e+00,-3.141592653589775352e-02,1.174082987816585488e+00,3.455751918948794191e-03
4.482000000000020634e+00,-3.141592653589775352e-02,1.174082987816585488e+00,3.455751918948794191e-03
4.485000000000020748e+00,-2.617993877991509066e-02,1.174082987816585488e+00,2.879618732865444133e-03
4.488000000000020862e+00,-2.094395102393153962e-02,1.174082987816585488e+00,2.303660079707293626e-03
4.491000000000020975e+00,-1.570796326794887676e-02,1.174082987816585488e+00,1.727701426549197762e-03
4.494000000000021089e+00,-1.047197551196621390e-02,1.174082987816585488e+00,1.151742773391047255e-03
4.497000000000021203e+00,-1.047197551196621390e-02,1.174082987816585488e+00,1.151917306316246588e-03
4.499000000000020982e+00,-5.235987755983551040e-03,1.174082987816585488e+00,5.757841202329512824e-04
4.502000000000021096e+00,-5.235987755983551040e-03,1.174082987816585488e+00,5.759586531581506160e-04
4.505000000000021210e+00,-5.235987755983551040e-03,1.174082987816585488e+00,5.759586531581506160e-04
4.508000000000021323e+00,-1.047197551196621390e-02,1.174082987816585488e+00,1.152179105704045697e-03
4.510000000000021103e+00,-1.570796326794887676e-02,1.174082987816585488e+00,1.728050492399596429e-03
4.513000000000021217e+00,-1.570796326794887676e-02,1.174082987816585488e+00,1.727875959474397096e-03
4.516000000000021330e+00,-2.617993877991509066e-02,1.174082987816585488e+00,2.880142331641042785e-03
4.519000000000021444e+00,-3.141592653589775352e-02,1.174082987816585488e+00,3.455926451873994176e-03
4.522000000000021558e+00,-3.665191429188086047e-02,1.174082987816585488e+00,4.031885105032089606e-03
4.525000000000021672e+00,-4.188790204786396743e-02,1.174082987816585488e+00,4.607843758190240981e-03
4.528000000000021785e+00,-4.188790204786396743e-02,1.178097245096172418e+00,4.607669225265040996e-03
4.531000000000021899e+00,-4.188790204786396743e-02,1.181936969450559927e+00,4.607669225265040996e-03
4.534000000000022013e+00,-4.188790204786396743e-02,1.185951226730147079e+00,4.607669225265040996e-03
4.537000000000022126e+00,-3.665191429188086047e-02,1.189965484009734009e+00,4.031536039181690505e-03
4.540000000000022240e+00,-3.141592653589775352e-02,1.193805208364121517e+00,3.455577386023595075e-03
4.543000000000022354e+00,-2.617993877991509066e-02,1.197644932718509025e+00,2.879618732865444133e-03
4.546000000000022467e+00,-2.094395102393153962e-02,1.197644932718509025e+00,2.303572813244694501e-03
4.548000000000022247e+00,-1.047197551196621390e-02,1.197644932718509025e+00,1.151568240465847704e-03
4.551000000000022361e+00,-5.235987755983551040e-03,1.197644932718509025e+00,5.757841202329512824e-04
4.554000000000022474e+00,0.000000000000000000e+00,1.197644932718509025e+00,-1.745329251994396095e-07
4.557000000000022588e+00,5.235987755983551040e-03,1.197644932718509025e+00,-5.761331860833500580e-04
4.560000000000022702e+00,5.235987755983551040e-03,1.197644932718509025e+00,-5.759586531581506160e-04
4.563000000000022816e+00,5.235987755983551040e-03,1.197644932718509025e+00,-5.759586531581506160e-04
4.566000000000022929e+00,0.000000000000000000e+00,1.197644932718509025e+00,1.745329251994396095e-07
4.569000000000023043e+00,-1.047197551196621390e-02,1.197644932718509025e+00,1.152266372166645689e-03
4.572000000000023157e+00,-1.570796326794887676e-02,1.197644932718509025e+00,1.728050492399596429e-03
4.575000000000023270e+00,-2.617993877991509066e-02,1.197644932718509025e+00,2.880142331641042785e-03
4.578000000000023384e+00,-3.141592653589775352e-02,1.197644932718509025e+00,3.456013718336592867e-03
4.580000000000023164e+00,-3.665191429188086047e-02,1.197644932718509025e+00,4.031885105032089606e-03
4.583000000000023277e+00,-3.665191429188086047e-02,1.197644932718509025e+00,4.031710572106890489e-03
4.586000000000023391e+00,-4.188790204786396743e-02,1.201659189998095734e+00,4.607843758190240981e-03
4.589000000000023505e+00,-4.188790204786396743e-02,1.205498914352483242e+00,4.607669225265040996e-03
4.592000000000023618e+00,-3.665191429188086047e-02,1.209513171632070394e+00,4.031536039181690505e-03
4.595000000000023732e+00,-3.141592653589775352e-02,1.213352895986457902e+00,3.455621019254894854e-03
4.599000000000023292e+00,-2.094395102393153962e-02,1.217367153266044832e+00,2.303485546782094509e-03
4.602000000000023405e+00,-1.047197551196621390e-02,1.217367153266044832e+00,1.151568240465847704e-03
4.605000000000023519e+00,-5.235987755983551040e-03,1.217367153266044832e+00,5.757841202329512824e-04
4.608000000000023633e+00,5.235987755983551040e-03,1.217367153266044832e+00,-5.763077190085493916e-04
4.611000000000023746e+00,1.047197551196576981e-02,1.217367153266044832e+00,-1.152091839241445922e-03
4.614000000000023860e+00,1.047197551196576981e-02,1.217367153266044832e+00,-1.151917306316246588e-03
4.617000000000023974e+00,1.047197551196576981e-02,1.217367153266044832e+00,-1.151917306316246588e-03
4.620000000000024087e+00,5.235987755983551040e-03,1.217367153266044832e+00,-5.756968537703513987e-04
4.622000000000023867e+00,-5.235987755983551040e-03,1.217367153266044832e+00,5.763077190085493916e-04
4.625000000000023981e+00,-1.570796326794887676e-02,1.217367153266044832e+00,1.728225025324796197e-03
4.628000000000024095e+00,-2.094395102393153962e-02,1.217367153266044832e+00,2.304009145557692727e-03
4.631000000000024208e+00,-3.141592653589775352e-02,1.217367153266044832e+00,3.456100984799192859e-03
4.634000000000024322e+00,-3.665191429188086047e-02,1.217367153266044832e+00,4.031885105032089606e-03
4.637000000000024436e+00,-4.188790204786396743e-02,1.217367153266044832e+00,4.607843758190240981e-03
4.640000000000024549e+00,-4.712388980384663029e-02,1.221206877620432341e+00,5.183802411348336844e-03
4.643000000000024663e+00,-4.712388980384663029e-02,1.225221134900019271e+00,5.183627878423136860e-03
4.646000000000024777e+00,-4.188790204786396743e-02,1.229235392179606423e+00,4.607494692339841012e-03
4.649000000000024890e+00,-4.188790204786396743e-02,1.233075116533993931e+00,4.607669225265040996e-03
4.652000000000025004e+00,-3.665191429188086047e-02,1.236914840888381439e+00,4.031536039181690505e-03
4.655000000000025118e+00,-2.617993877991509066e-02,1.240929098167968148e+00,2.879269667015045466e-03
4.657000000000024897e+00,-1.570796326794887676e-02,1.244768822522355656e+00,1.727526893623998212e-03
4.660000000000025011e+00,-5.235987755983551040e-03,1.244768822522355656e+00,5.756095873077517319e-04
4.663000000000025125e+00,0.000000000000000000e+00,1.244768822522355656e+00,-1.745329251994396095e-07
4.666000000000025238e+00,1.047197551196576981e-02,1.244768822522355656e+00,-1.152266372166645689e-03
4.669000000000025352e+00,1.570796326794887676e-02,1.244768822522355656e+00,-1.728050492399596429e-03
4.672000000000025466e+00,1.570796326794887676e-02,1.244768822522355656e+00,-1.727875959474397096e-03
4.676000000000025025e+00,1.570796326794887676e-02,1.244768822522355656e+00,-1.727875959474397096e-03
4.679000000000025139e+00,1.047197551196576981e-02,1.244768822522355656e+00,-1.151742773391047255e-03
4.682000000000025253e+00,0.000000000000000000e+00,1.244768822522355656e+00,3.490658503988626489e-07
4.685000000000025366e+00,-5.235987755983551040e-03,1.244768822522355656e+00,5.761331860833500580e-04
4.688000000000025480e+00,-1.570796326794887676e-02,1.244768822522355656e+00,1.728225025324796197e-03
4.691000000000025594e+00,-2.617993877991509066e-02,1.244768822522355656e+00,2.880142331641042785e-03
4.694000000000025707e+00,-3.141592653589775352e-02,1.244768822522355656e+00,3.455926451873994176e-03
4.697000000000025821e+00,-3.665191429188086047e-02,1.244768822522355656e+00,4.031885105032089606e-03
4.700000000000025935e+00,-4.188790204786396743e-02,1.244768822522355656e+00,4.607843758190240981e-03
4.703000000000026048e+00,-4.188790204786396743e-02,1.248783079801942808e+00,4.607669225265040996e-03
4.706000000000026162e+00,-4.188790204786396743e-02,1.252622804156330094e+00,4.607669225265040996e-03
4.709000000000026276e+00,-4.188790204786396743e-02,1.256637061435917246e+00,4.607669225265040996e-03
4.712000000000026390e+00,-3.665191429188086047e-02,1.260476785790304755e+00,4.031536039181690505e-03
4.715000000000026503e+00,-3.141592653589775352e-02,1.264491043069891685e+00,3.455577386023595075e-03
4.718000000000026617e+00,-2.094395102393153962e-02,1.268505300349478837e+00,2.303485546782094509e-03
4.721000000000026731e+00,-1.570796326794887676e-02,1.268505300349478837e+00,1.727614160086598204e-03
4.723000000000026510e+00,-5.235987755983551040e-03,1.268505300349478837e+00,5.756095873077517319e-04
4.726000000000026624e+00,0.000000000000000000e+00,1.268505300349478837e+00,-1.745329251994396095e-07
4.729000000000026738e+00,1.047197551196576981e-02,1.268505300349478837e+00,-1.152266372166645689e-03
4.732000000000026851e+00,1.570796326794887676e-02,1.268505300349478837e+00,-1.728050492399596429e-03
4.735000000000026965e+00,1.570796326794887676e-02,1.268505300349478837e+00,-1.727875959474397096e-03
4.737000000000026745e+00,1.570796326794887676e-02,1.268505300349478837e+00,-1.727875959474397096e-03
4.740000000000026859e+00,1.570796326794887676e-02,1.268505300349478837e+00,-1.727875959474397096e-03
4.743000000000026972e+00,1.047197551196576981e-02,1.268505300349478837e+00,-1.151786406622347251e-03
4.747000000000026532e+00,0.000000000000000000e+00,1.268505300349478837e+00,3.490658503988626489e-07
4.750000000000026645e+00,-1.047197551196621390e-02,1.268505300349478837e+00,1.152266372166645689e-03
4.753000000000026759e+00,-1.570796326794887676e-02,1.268505300349478837e+00,1.728137758862196421e-03
4.755000000000026539e+00,-2.617993877991509066e-02,1.268505300349478837e+00,2.880142331641042785e-03
4.758000000000026652e+00,-3.141592653589775352e-02,1.268505300349478837e+00,3.455926451873994176e-03
4.761000000000026766e+00,-3.665191429188086047e-02,1.268505300349478837e+00,4.031885105032089606e-03
4.764000000000026880e+00,-4.188790204786396743e-02,1.268505300349478837e+00,4.607843758190240981e-03
4.767000000000026994e+00,-4.188790204786396743e-02,1.272345024703866345e+00,4.607669225265040996e-03
4.770000000000027107e+00,-4.188790204786396743e-02,1.276184749058253853e+00,4.607669225265040996e-03
4.773000000000027221e+00,-4.188790204786396743e-02,1.280199006337840562e+00,4.607669225265040996e-03
4.776000000000027335e+00,-4.188790204786396743e-02,1.284038730692228070e+00,4.607669225265040996e-03
4.779000000000027448e+00,-4.188790204786396743e-02,1.288052987971815222e+00,4.607669225265040996e-03
4.782000000000027562e+00,-4.188790204786396743e-02,1.291892712326202508e+00,4.607669225265040996e-03
4.785000000000027676e+00,-3.665191429188086047e-02,1.295906969605789660e+00,4.031536039181690505e-03
4.788000000000027789e+00,-3.141592653589775352e-02,1.299746693960177168e+00,3.455490119560995516e-03
4.790000000000027569e+00,-3.141592653589775352e-02,1.303760951239764099e+00,3.455751918948794191e-03
4.793000000000027683e+00,-2.617993877991509066e-02,1.303760951239764099e+00,2.879618732865444133e-03
4.796000000000027796e+00,-2.094395102393153962e-02,1.303760951239764099e+00,2.303660079707293626e-03
4.799000000000027910e+00,-1.570796326794887676e-02,1.303760951239764099e+00,1.727701426549197762e-03
4.802000000000028024e+00,-5.235987755983551040e-03,1.303760951239764099e+00,5.754350543825521814e-04
4.804000000000027804e+00,0.000000000000000000e+00,1.303760951239764099e+00,-1.745329251994396095e-07
4.807000000000027917e+00,1.047197551196576981e-02,1.303760951239764099e+00,-1.152266372166645689e-03
4.810000000000028031e+00,1.570796326794887676e-02,1.303760951239764099e+00,-1.728050492399596429e-03
4.813000000000028145e+00,2.094395102393198371e-02,1.303760951239764099e+00,-2.304009145557692727e-03
4.816000000000028258e+00,2.094395102393198371e-02,1.303760951239764099e+00,-2.303834612632493176e-03
4.819000000000028372e+00,2.617993877991509066e-02,1.303760951239764099e+00,-2.879967798715843234e-03
4.822000000000028486e+00,2.094395102393198371e-02,1.303760951239764099e+00,-2.303660079707293626e-03
4.825000000000028599e+00,1.570796326794887676e-02,1.303760951239764099e+00,-1.727701426549197762e-03
4.828000000000028713e+00,1.047197551196576981e-02,1.303760951239764099e+00,-1.151742773391047255e-03
4.831000000000028827e+00,0.000000000000000000e+00,1.303760951239764099e+00,3.490658503988626489e-07
4.834000000000028940e+00,-1.047197551196621390e-02,1.303760951239764099e+00,1.152266372166645689e-03
4.837000000000029054e+00,-1.570796326794887676e-02,1.303760951239764099e+00,1.728050492399596429e-03
4.840000000000029168e+00,-2.094395102393153962e-02,1.303760951239764099e+00,2.304096412020292285e-03
4.842000000000028948e+00,-2.617993877991509066e-02,1.303760951239764099e+00,2.879967798715843234e-03
4.845000000000029061e+00,-2.617993877991509066e-02,1.303760951239764099e+00,2.879793265790644118e-03
4.848000000000029175e+00,-2.617993877991509066e-02,1.303760951239764099e+00,2.879793265790644118e-03
4.851000000000029289e+00,-2.617993877991509066e-02,1.303760951239764099e+00,2.879793265790644118e-03
4.854000000000029402e+00,-2.094395102393153962e-02,1.303760951239764099e+00,2.303660079707293626e-03
4.857000000000029516e+00,-1.570796326794887676e-02,1.303760951239764099e+00,1.727701426549197762e-03
4.860000000000029630e+00,-1.047197551196621390e-02,1.303760951239764099e+00,1.151742773391047255e-03
4.863000000000029743e+00,-5.235987755983551040e-03,1.303760951239764099e+00,5.757841202329512824e-04
4.866000000000029857e+00,0.000000000000000000e+00,1.303760951239764099e+00,-1.745329251994396095e-07
4.869000000000029971e+00,0.000000000000000000e+00,1.303760951239764099e+00,0.000000000000000000e+00
4.871000000000029750e+00,5.235987755983551040e-03,1.303760951239764099e+00,-5.761331860833500580e-04
4.874000000000029864e+00,5.235987755983551040e-03,1.303760951239764099e+00,-5.759586531581506160e-04
4.877000000000029978e+00,5.235987755983551040e-03,1.303760951239764099e+00,-5.759586531581506160e-04
4.880000000000030091e+00,0.000000000000000000e+00,1.303760951239764099e+00,1.745329251994396095e-07
4.883000000000030205e+00,-5.235987755983551040e-03,1.303760951239764099e+00,5.762204525459497248e-04
4.885000000000029985e+00,-1.570796326794887676e-02,1.303760951239764099e+00,1.728225025324796197e-03
4.888000000000030099e+00,-2.094395102393153962e-02,1.303760951239764099e+00,2.304009145557692727e-03
4.891000000000030212e+00,-3.141592653589775352e-02,1.303760951239764099e+00,3.456013718336592867e-03
4.895000000000029772e+00,-3.141592653589775352e-02,1.303760951239764099e+00,3.455751918948794191e-03
4.898000000000029885e+00,-3.665191429188086047e-02,1.303760951239764099e+00,4.031885105032089606e-03
4.901000000000029999e+00,-3.665191429188086047e-02,1.303760951239764099e+00,4.031710572106890489e-03
4.903000000000029779e+00,-3.665191429188086047e-02,1.307775208519351251e+00,4.031710572106890489e-03
4.906000000000029893e+00,-3.665191429188086047e-02,1.311614932873738759e+00,4.031710572106890489e-03
4.909000000000030006e+00,-3.141592653589775352e-02,1.315454657228126267e+00,3.455577386023595075e-03
4.912000000000030120e+00,-2.617993877991509066e-02,1.319468914507712975e+00,2.879618732865444133e-03
4.915000000000030234e+00,-2.094395102393153962e-02,1.319468914507712975e+00,2.303572813244694501e-03
4.917000000000030013e+00,-1.570796326794887676e-02,1.319468914507712975e+00,1.727701426549197762e-03
4.920000000000030127e+00,-1.047197551196621390e-02,1.319468914507712975e+00,1.151742773391047255e-03
4.923000000000030241e+00,-5.235987755983551040e-03,1.319468914507712975e+00,5.757841202329512824e-04
4.926000000000030354e+00,0.000000000000000000e+00,1.319468914507712975e+00,-1.745329251994396095e-07
4.929000000000030468e+00,0.000000000000000000e+00,1.319468914507712975e+00,0.000000000000000000e+00
4.932000000000030582e+00,0.000000000000000000e+00,1.319468914507712975e+00,0.000000000000000000e+00
4.934000000000030361e+00,-5.235987755983551040e-03,1.319468914507712975e+00,5.761331860833500580e-04
4.937000000000030475e+00,-1.047197551196621390e-02,1.319468914507712975e+00,1.152091839241445922e-03
4.940000000000030589e+00,-1.570796326794887676e-02,1.319468914507712975e+00,1.728050492399596429e-03
4.943000000000030703e+00,-2.617993877991509066e-02,1.319468914507712975e+00,2.880142331641042785e-03
4.946000000000030816e+00,-3.141592653589775352e-02,1.319468914507712975e+00,3.455926451873994176e-03
4.949000000000030930e+00,-3.141592653589775352e-02,1.319468914507712975e+00,3.455751918948794191e-03
4.951000000000030710e+00,-3.665191429188086047e-02,1.319468914507712975e+00,4.031885105032089606e-03
4.954000000000030823e+00,-3.665191429188086047e-02,1.319468914507712975e+00,4.031710572106890489e-03
4.957000000000030937e+00,-3.665191429188086047e-02,1.323308638862100484e+00,4.031710572106890489e-03
4.960000000000031051e+00,-3.665191429188086047e-02,1.327322896141687414e+00,4.031710572106890489e-03
4.963000000000031164e+00,-3.141592653589775352e-02,1.331162620496075144e+00,3.455621019254894854e-03
4.967000000000030724e+00,-2.094395102393153962e-02,1.335176877775662074e+00,2.303485546782094509e-03
4.970000000000030838e+00,-1.570796326794887676e-02,1.335176877775662074e+00,1.727614160086598204e-03
4.972000000000030617e+00,-1.047197551196621390e-02,1.335176877775662074e+00,1.151742773391047255e-03
4.975000000000030731e+00,0.000000000000000000e+00,1.335176877775662074e+00,-3.490658503988626489e-07
4.978000000000030845e+00,0.000000000000000000e+00,1.335176877775662074e+00,0.000000000000000000e+00
4.981000000000030958e+00,5.235987755983551040e-03,1.335176877775662074e+00,-5.762204525459497248e-04
4.983000000000030738e+00,5.235987755983551040e-03,1.335176877775662074e+00,-5.759586531581506160e-04
4.986000000000030852e+00,0.000000000000000000e+00,1.335176877775662074e+00,1.745329251994396095e-07
4.989000000000030965e+00,-5.235987755983551040e-03,1.335176877775662074e+00,5.761331860833500580e-04
4.992000000000031079e+00,-1.047197551196621390e-02,1.335176877775662074e+00,1.152091839241445922e-03
4.995000000000031193e+00,-2.094395102393153962e-02,1.335176877775662074e+00,2.304183678482891844e-03
4.998000000000031307e+00,-3.141592653589775352e-02,1.335176877775662074e+00,3.456275517724392843e-03
5.000000000000031086e+00,-3.665191429188086047e-02,1.335176877775662074e+00,4.031885105032089606e-03
5.003000000000031200e+00,-4.188790204786396743e-02,1.335176877775662074e+00,4.607843758190240981e-03
5.006000000000031314e+00,-4.712388980384663029e-02,1.339016602130049582e+00,5.183802411348336844e-03
5.009000000000031427e+00,-4.712388980384663029e-02,1.343030859409636513e+00,5.183627878423136860e-03
5.012000000000031541e+00,-4.712388980384663029e-02,1.347045116689223665e+00,5.183627878423136860e-03
5.015000000000031655e+00,-4.188790204786396743e-02,1.350884841043611173e+00,4.607494692339841012e-03
5.018000000000031768e+00,-3.665191429188086047e-02,1.354724565397998681e+00,4.031536039181690505e-03
5.021000000000031882e+00,-3.141592653589775352e-02,1.358738822677585389e+00,3.455577386023595075e-03
5.024000000000031996e+00,-2.094395102393153962e-02,1.362578547031972898e+00,2.303311013856894959e-03
5.026000000000031775e+00,-1.047197551196621390e-02,1.362578547031972898e+00,1.151568240465847704e-03
5.029000000000031889e+00,-5.235987755983551040e-03,1.362578547031972898e+00,5.757841202329512824e-04
5.032000000000032003e+00,5.235987755983551040e-03,1.362578547031972898e+00,-5.763077190085493916e-04
5.035000000000032117e+00,5.235987755983551040e-03,1.362578547031972898e+00,-5.759586531581506160e-04
5.038000000000032230e+00,1.047197551196576981e-02,1.362578547031972898e+00,-1.152091839241445922e-03
5.041000000000032344e+00,1.047197551196576981e-02,1.362578547031972898e+00,-1.151917306316246588e-03
5.044000000000032458e+00,5.235987755983551040e-03,1.362578547031972898e+00,-5.757841202329512824e-04
5.047000000000032571e+00,0.000000000000000000e+00,1.362578547031972898e+00,1.745329251994396095e-07
5.050000000000032685e+00,-1.047197551196621390e-02,1.362578547031972898e+00,1.152266372166645689e-03
5.053000000000032799e+00,-2.094395102393153962e-02,1.362578547031972898e+00,2.304183678482891844e-03
5.056000000000032912e+00,-3.141592653589775352e-02,1.362578547031972898e+00,3.456100984799192859e-03
5.059000000000033026e+00,-3.665191429188086047e-02,1.362578547031972898e+00,4.031885105032089606e-03
5.062000000000033140e+00,-4.188790204786396743e-02,1.362578547031972898e+00,4.607843758190240981e-03
5.065000000000033253e+00,-4.188790204786396743e-02,1.366592804311559828e+00,4.607669225265040996e-03
5.067000000000033033e+00,-4.188790204786396743e-02,1.370432528665947558e+00,4.607669225265040996e-03
5.070000000000033147e+00,-4.188790204786396743e-02,1.374446785945534488e+00,4.607669225265040996e-03
5.073000000000033261e+00,-4.188790204786396743e-02,1.378286510299921996e+00,4.607669225265040996e-03
5.077000000000032820e+00,-3.665191429188086047e-02,1.382300767579509149e+00,4.031536039181690505e-03
5.080000000000032934e+00,-3.141592653589775352e-02,1.386315024859096079e+00,3.455577386023595075e-03
5.083000000000033047e+00,-2.617993877991509066e-02,1.390154749213483587e+00,2.879618732865444133e-03
5.086000000000033161e+00,-2.094395102393153962e-02,1.390154749213483587e+00,2.303572813244694501e-03
5.088000000000032941e+00,-1.047197551196621390e-02,1.390154749213483587e+00,1.151568240465847704e-03
5.091000000000033054e+00,0.000000000000000000e+00,1.390154749213483587e+00,-3.490658503988626489e-07
5.094000000000033168e+00,5.235987755983551040e-03,1.390154749213483587e+00,-5.761331860833500580e-04
5.097000000000033282e+00,1.047197551196576981e-02,1.390154749213483587e+00,-1.152179105704045697e-03
5.099000000000033062e+00,1.047197551196576981e-02,1.390154749213483587e+00,-1.151917306316246588e-03
5.102000000000033175e+00,1.570796326794887676e-02,1.390154749213483587e+00,-1.728137758862196421e-03
5.104000000000032955e+00,1.570796326794887676e-02,1.390154749213483587e+00,-1.727875959474397096e-03
5.107000000000033069e+00,1.047197551196576981e-02,1.390154749213483587e+00,-1.151655506928447479e-03
5.109000000000032848e+00,5.235987755983551040e-03,1.390154749213483587e+00,-5.757841202329512824e-04
5.112000000000032962e+00,0.000000000000000000e+00,1.390154749213483587e+00,1.745329251994396095e-07
5.115000000000033076e+00,-1.047197551196621390e-02,1.390154749213483587e+00,1.152266372166645689e-03
5.118000000000033189e+00,-2.094395102393153962e-02,1.390154749213483587e+00,2.304358211408091394e-03
5.120000000000032969e+00,-2.617993877991509066e-02,1.390154749213483587e+00,2.879967798715843234e-03
5.123000000000033083e+00,-3.141592653589775352e-02,1.390154749213483587e+00,3.456013718336592867e-03
5.125000000000032863e+00,-4.188790204786396743e-02,1.390154749213483587e+00,4.608018291115440097e-03
5.128000000000032976e+00,-4.188790204786396743e-02,1.390154749213483587e+00,4.607669225265040996e-03
5.131000000000033090e+00,-4.712388980384663029e-02,1.393994473567871095e+00,5.183889677810935535e-03
5.133000000000032870e+00,-4.712388980384663029e-02,1.398008730847457803e+00,5.183627878423136860e-03
5.136000000000032983e+00,-5.235987755982973724e-02,1.401848455201845312e+00,5.759761064506486485e-03
5.139000000000033097e+00,-5.235987755982973724e-02,1.405862712481432464e+00,5.759586531581288235e-03
5.141000000000032877e+00,-5.235987755982973724e-02,1.409702436835819972e+00,5.759586531581288235e-03
5.144000000000032990e+00,-5.235987755982973724e-02,1.413716694115406902e+00,5.759586531581288235e-03
5.147000000000033104e+00,-5.235987755982973724e-02,1.417556418469794410e+00,5.759586531581288235e-03
5.149000000000032884e+00,-5.759586531581284419e-02,1.421570675749381563e+00,6.335806984127237418e-03
5.151000000000032664e+00,-5.759586531581284419e-02,1.425584933028968493e+00,6.335545184739437875e-03
5.154000000000032777e+00,-6.283185307179595114e-02,1.429424657383355779e+00,6.911678370822732856e-03
5.157000000000032891e+00,-6.806784082777905809e-02,1.433264381737743287e+00,7.487724290443483789e-03
5.159000000000032671e+00,-7.853981633974482790e-02,1.437278639017330217e+00,8.639728863222329719e-03
5.162000000000032784e+00,-8.377580409572837894e-02,1.441118363371717948e+00,9.215600249917880668e-03
5.164000000000032564e+00,-9.424777960769370466e-02,1.448972345005692386e+00,1.036760482269672747e-02
5.167000000000032678e+00,-1.047197551196599186e-01,1.456826326639666824e+00,1.151969666193817209e-02
5.169000000000032458e+00,-1.099557428756425814e-01,1.464854841198840907e+00,1.209530624924592436e-02
5.172000000000032571e+00,-1.151917306316256884e-01,1.472534289907615923e+00,1.267135216886662238e-02
5.174000000000032351e+00,-1.204277183876087953e-01,1.484402528821177292e+00,1.324722355556217160e-02
5.177000000000032465e+00,-1.256637061435919023e-01,1.496096234809539238e+00,1.382318220872026486e-02
5.180000000000032578e+00,-1.361356816555581162e-01,1.507964473723100607e+00,1.497527404796176846e-02
5.183000000000032692e+00,-1.466076571675234419e-01,1.519658179711462331e+00,1.612736588720321135e-02
5.185000000000032472e+00,-1.570796326794896558e-01,1.531526418625024144e+00,1.727910866059426120e-02
5.188000000000032585e+00,-1.623156204354732068e-01,1.543394657538585513e+00,1.785489278082721259e-02
5.191000000000032699e+00,-1.727875959474385326e-01,1.555088363526947681e+00,1.900698462006865722e-02
5.194000000000032813e+00,-1.780235837034216395e-01,1.566782069515309628e+00,1.958285600676415786e-02
5.196000000000032593e+00,-1.937315469713705163e-01,1.578650308428870996e+00,2.131099376562635081e-02
