0.000000000000000000e+00,-5.235987755982973724e-02,0.000000000000000000e+00,2.199114857512855098e-02
3.000000000000000062e-03,-5.235987755982973724e-02,0.000000000000000000e+00,5.759586531581270888e-03
8.000000000000000167e-03,-5.235987755982973724e-02,1.186823891356144321e-02,5.759586531581270888e-03
1.600000000000000033e-02,-5.235987755982973724e-02,1.570796326794896697e-02,5.759586531581270888e-03
2.600000000000000228e-02,-5.235987755982973724e-02,1.954768762233649246e-02,5.759586531581270888e-03
3.900000000000000688e-02,-5.235987755982973724e-02,2.356194490192344698e-02,5.759586531581270888e-03
5.500000000000000722e-02,-4.712388980384663029e-02,2.757620218151040845e-02,5.211185708717776428e-03
7.400000000000001021e-02,-4.188790204786396743e-02,3.141592653589793394e-02,4.632602500293525778e-03
9.500000000000001499e-02,-3.665191429188086047e-02,3.543018381548488499e-02,4.053527187756824322e-03
1.190000000000000224e-01,-2.617993877991509066e-02,3.926990816987241395e-02,2.918578360279422412e-03
1.460000000000000187e-01,-2.094395102393153962e-02,4.328416544945937194e-02,2.321287905152414396e-03
1.760000000000000175e-01,-1.570796326794887676e-02,4.328416544945937194e-02,1.743742589037960283e-03
2.090000000000000191e-01,-1.047197551196621390e-02,4.328416544945937194e-02,1.166461716749568698e-03
2.450000000000000233e-01,-1.047197551196621390e-02,4.328416544945937194e-02,1.151917306316283451e-03
2.830000000000000293e-01,-5.235987755983551040e-03,4.328416544945937194e-02,5.887293550020506177e-04
3.240000000000000102e-01,-5.235987755983551040e-03,4.328416544945937194e-02,5.759586531581906230e-04
3.679999999999999938e-01,-1.047197551196621390e-02,4.328416544945937194e-02,1.140776906835469593e-03
4.149999999999999800e-01,-1.570796326794887676e-02,4.328416544945937194e-02,1.717403983962411274e-03
4.649999999999999689e-01,-2.094395102393153962e-02,4.328416544945937194e-02,2.294138339010279304e-03
5.190000000000000169e-01,-2.617993877991509066e-02,4.328416544945937194e-02,2.870607322359110172e-03
5.760000000000000675e-01,-3.141592653589775352e-02,4.328416544945937194e-02,3.446877363430138515e-03
6.350000000000001199e-01,-3.141592653589775352e-02,4.328416544945937194e-02,3.455751918948752992e-03
6.970000000000000639e-01,-3.665191429188086047e-02,4.328416544945937194e-02,4.023655206328459639e-03
7.620000000000000107e-01,-3.665191429188086047e-02,4.328416544945937194e-02,4.031710572106894826e-03
8.289999999999999591e-01,-3.665191429188086047e-02,4.712388980384689396e-02,4.031710572106894826e-03
8.999999999999999112e-01,-3.141592653589775352e-02,5.113814708343385890e-02,3.462827578078460020e-03
9.739999999999998659e-01,-2.617993877991509066e-02,5.497787143782137398e-02,2.886593249889339054e-03
1.050999999999999934e+00,-2.094395102393153962e-02,5.497787143782137398e-02,2.310379597327448346e-03
1.131000000000000005e+00,-1.570796326794887676e-02,5.497787143782137398e-02,1.734184378457488164e-03
1.213999999999999968e+00,-1.047197551196621390e-02,5.497787143782137398e-02,1.158005664172077290e-03
1.300000000000000044e+00,-5.235987755983551040e-03,5.497787143782137398e-02,5.818417854682834478e-04
1.389000000000000012e+00,-5.235987755983551040e-03,5.497787143782137398e-02,5.759586531581906230e-04
1.481000000000000094e+00,-5.235987755983551040e-03,5.497787143782137398e-02,5.759586531581906230e-04
1.576000000000000068e+00,-1.047197551196621390e-02,5.497787143782137398e-02,1.146574461667321807e-03
1.674000000000000155e+00,-1.570796326794887676e-02,5.497787143782137398e-02,1.722691813181324296e-03
1.775000000000000133e+00,-2.094395102393153962e-02,5.497787143782137398e-02,2.298800009020947333e-03
1.879000000000000226e+00,-3.141592653589775352e-02,5.497787143782137398e-02,3.446055645326562104e-03
1.987000000000000322e+00,-3.141592653589775352e-02,5.497787143782137398e-02,3.455751918948752992e-03
2.098000000000000309e+00,-3.665191429188086047e-02,5.497787143782137398e-02,4.027117600391119830e-03
2.212000000000000188e+00,-3.665191429188086047e-02,5.497787143782137398e-02,4.031710572106894826e-03
2.329000000000000181e+00,-3.665191429188086047e-02,5.899212871740833891e-02,4.031710572106894826e-03
2.449000000000000288e+00,-3.141592653589775352e-02,6.283185307179586787e-02,3.460008819563373424e-03
2.572000000000000064e+00,-2.617993877991509066e-02,6.684611035138281199e-02,2.883948811628741539e-03
2.697999999999999954e+00,-2.094395102393153962e-02,6.684611035138281199e-02,2.307893517869666084e-03
2.826999999999999957e+00,-1.570796326794887676e-02,6.684611035138281199e-02,1.731842616865272551e-03
2.959000000000000075e+00,-1.047197551196621390e-02,6.684611035138281199e-02,1.155795815765159459e-03
3.094000000000000306e+00,-5.235987755983551040e-03,6.684611035138281199e-02,5.797528471842650164e-04
3.232000000000000206e+00,-5.235987755983551040e-03,6.684611035138281199e-02,5.759586531581906230e-04
3.373000000000000220e+00,-5.235987755983551040e-03,6.684611035138281199e-02,5.759586531581906230e-04
3.517000000000000348e+00,-5.235987755983551040e-03,6.684611035138281199e-02,5.759586531581906230e-04
3.664000000000000146e+00,-1.047197551196621390e-02,6.684611035138281199e-02,1.148426647812295261e-03
3.814000000000000057e+00,-1.570796326794887676e-02,6.684611035138281199e-02,1.724453745254779903e-03
3.967000000000000082e+00,-2.094395102393153962e-02,6.684611035138281199e-02,2.300456556015706335e-03
4.121999999999999886e+00,-2.617993877991509066e-02,6.684611035138281199e-02,2.876479349489404792e-03
4.280000000000000249e+00,-3.141592653589775352e-02,6.684611035138281199e-02,3.452499752640689722e-03
4.440999999999999837e+00,-3.141592653589775352e-02,6.684611035138281199e-02,3.455751918948752992e-03
4.604999999999999538e+00,-3.141592653589775352e-02,6.684611035138281199e-02,3.455751918948752992e-03
4.771999999999999353e+00,-3.141592653589775352e-02,6.684611035138281199e-02,3.455751918948752992e-03
4.941999999999999282e+00,-2.617993877991509066e-02,6.684611035138281199e-02,2.882819848308569230e-03
5.114999999999999325e+00,-2.617993877991509066e-02,6.684611035138281199e-02,2.879793265790660164e-03
5.290999999999999481e+00,-2.094395102393153962e-02,6.684611035138281199e-02,2.306759745457040954e-03
5.469999999999999751e+00,-1.570796326794887676e-02,6.684611035138281199e-02,1.730752875823817448e-03
5.652000000000000135e+00,-1.570796326794887676e-02,6.684611035138281199e-02,1.727875959474376496e-03
5.838000000000000078e+00,-1.570796326794887676e-02,6.684611035138281199e-02,1.727875959474376496e-03
6.027000000000000135e+00,-2.094395102393153962e-02,6.684611035138281199e-02,2.301107535676228354e-03
6.219000000000000306e+00,-2.617993877991509066e-02,6.684611035138281199e-02,2.877108143864514668e-03
6.414000000000000590e+00,-3.141592653589775352e-02,6.684611035138281199e-02,3.453107480688155477e-03
6.612000000000000988e+00,-3.141592653589775352e-02,6.684611035138281199e-02,3.455751918948752992e-03
6.813000000000000611e+00,-3.665191429188086047e-02,6.684611035138281199e-02,4.029143911442197544e-03
7.017000000000000348e+00,-3.665191429188086047e-02,6.684611035138281199e-02,4.031710572106894826e-03
7.224000000000000199e+00,-3.665191429188086047e-02,7.068583470577033401e-02,4.031710572106894826e-03
7.434000000000000163e+00,-3.665191429188086047e-02,7.470009198535730588e-02,4.031710572106894826e-03
7.647000000000000242e+00,-3.141592653589775352e-02,7.853981633974482790e-02,3.458175987354300714e-03
7.863000000000000433e+00,-3.141592653589775352e-02,8.255407361933178589e-02,3.455751918948752992e-03
8.082000000000000739e+00,-2.094395102393153962e-02,8.255407361933178589e-02,2.308551718718940531e-03
8.304000000000000270e+00,-2.094395102393153962e-02,8.255407361933178589e-02,2.303834612632469324e-03
8.528999999999999915e+00,-1.570796326794887676e-02,8.255407361933178589e-02,1.730172445332263560e-03
8.756999999999999673e+00,-1.047197551196621390e-02,8.255407361933178589e-02,1.154183967682509675e-03
8.987999999999999545e+00,-1.047197551196621390e-02,8.255407361933178589e-02,1.151917306316283451e-03
9.221999999999999531e+00,-1.047197551196621390e-02,8.255407361933178589e-02,1.151917306316283451e-03
9.458999999999999631e+00,-1.047197551196621390e-02,8.255407361933178589e-02,1.151917306316283451e-03
9.698999999999999844e+00,-1.570796326794887676e-02,8.255407361933178589e-02,1.725721232002778906e-03
9.942000000000000171e+00,-2.094395102393153962e-02,8.255407361933178589e-02,2.301697474772885187e-03
1.018699999999999939e+01,-2.617993877991509066e-02,8.255407361933178589e-02,2.877681980405182808e-03
1.043499999999999872e+01,-2.617993877991509066e-02,8.255407361933178589e-02,2.879793265790660164e-03
1.068599999999999817e+01,-3.141592653589775352e-02,8.255407361933178589e-02,3.453682358570894350e-03
1.093899999999999828e+01,-3.141592653589775352e-02,8.255407361933178589e-02,3.455751918948752992e-03
1.119499999999999851e+01,-3.665191429188086047e-02,8.255407361933178589e-02,4.029688955212692818e-03
1.145399999999999885e+01,-3.665191429188086047e-02,8.255407361933178589e-02,4.031710572106894826e-03
1.171599999999999930e+01,-3.665191429188086047e-02,8.639379797371932179e-02,4.031710572106894826e-03
1.198099999999999987e+01,-3.141592653589775352e-02,9.040805525330626591e-02,3.457705645723373362e-03
1.224900000000000055e+01,-3.141592653589775352e-02,9.424777960769378793e-02,3.455751918948752992e-03
1.252000000000000135e+01,-2.617993877991509066e-02,9.424777960769378793e-02,2.881704210227150047e-03
1.279400000000000048e+01,-2.094395102393153962e-02,9.424777960769378793e-02,2.305724860919827930e-03
1.307099999999999973e+01,-1.570796326794887676e-02,9.424777960769378793e-02,1.729745955101513050e-03
1.335099999999999909e+01,-1.570796326794887676e-02,9.424777960769378793e-02,1.727875959474376496e-03
1.363399999999999856e+01,-1.047197551196621390e-02,9.424777960769378793e-02,1.153748071265927634e-03
1.391999999999999815e+01,-1.047197551196621390e-02,9.424777960769378793e-02,1.151917306316283451e-03
1.420899999999999785e+01,-1.570796326794887676e-02,9.424777960769378793e-02,1.726082812982601689e-03
1.450099999999999767e+01,-1.570796326794887676e-02,9.424777960769378793e-02,1.727875959474376496e-03
1.479599999999999760e+01,-2.617993877991509066e-02,9.424777960769378793e-02,2.876279180048390074e-03
1.509399999999999764e+01,-3.141592653589775352e-02,9.424777960769378793e-02,3.454012388132811709e-03
1.539499999999999780e+01,-3.141592653589775352e-02,9.424777960769378793e-02,3.455751918948752992e-03
1.569899999999999807e+01,-3.665191429188086047e-02,9.424777960769378793e-02,4.030005038635890192e-03
1.600599999999999667e+01,-3.665191429188086047e-02,9.424777960769378793e-02,4.031710572106894826e-03
1.631599999999999540e+01,-3.665191429188086047e-02,9.826203688728075980e-02,4.031710572106894826e-03
1.662899999999999423e+01,-3.665191429188086047e-02,1.021017612416682679e-01,4.031710572106894826e-03
1.694499999999999318e+01,-3.141592653589775352e-02,1.059414855960558038e-01,3.457393294420847956e-03
1.726399999999999224e+01,-2.617993877991509066e-02,1.099557428756427480e-01,2.881414314631521468e-03
1.758699999999999264e+01,-2.094395102393153962e-02,1.099557428756427480e-01,2.305440743845960701e-03
1.791299999999999315e+01,-1.570796326794887676e-02,1.099557428756427480e-01,1.729467445114492730e-03
1.824199999999999378e+01,-1.047197551196621390e-02,1.099557428756427480e-01,1.153494411062061260e-03
1.857399999999999451e+01,-1.047197551196621390e-02,1.099557428756427480e-01,1.151917306316283451e-03
1.890899999999999537e+01,-5.235987755983551040e-03,1.099557428756427480e-01,5.775077619617357844e-04
1.924699999999999633e+01,-5.235987755983551040e-03,1.099557428756427480e-01,5.759586531581906230e-04
1.958799999999999741e+01,-5.235987755983551040e-03,1.099557428756427480e-01,5.759586531581906230e-04
1.993199999999999861e+01,-1.047197551196621390e-02,1.099557428756427480e-01,1.150408376127239497e-03
2.027899999999999991e+01,-1.570796326794887676e-02,1.099557428756427480e-01,1.726379962972667209e-03
2.062900000000000134e+01,-2.094395102393153962e-02,1.099557428756427480e-01,2.302351329982049288e-03
2.098200000000000287e+01,-2.617993877991509066e-02,1.099557428756427480e-01,2.878322482713136388e-03
2.133800000000000452e+01,-3.141592653589775352e-02,1.099557428756427480e-01,3.454293426537615765e-03
2.169700000000000273e+01,-3.665191429188086047e-02,1.099557428756427480e-01,4.030264166649441190e-03
2.205900000000000105e+01,-3.665191429188086047e-02,1.099557428756427480e-01,4.031710572106894826e-03
2.242399999999999949e+01,-3.665191429188086047e-02,1.139700001552297198e-01,4.031710572106894826e-03
2.279199999999999804e+01,-3.665191429188086047e-02,1.178097245096172418e-01,4.031710572106894826e-03
2.316299999999999670e+01,-3.665191429188086047e-02,1.218239817892041998e-01,4.031710572106894826e-03
2.353799999999999670e+01,-3.141592653589775352e-02,1.256637061435917357e-01,3.457137100894780261e-03
2.391599999999999682e+01,-2.617993877991509066e-02,1.296779634231786660e-01,2.881167540792230457e-03
2.429699999999999704e+01,-1.570796326794887676e-02,1.296779634231786660e-01,1.730603036430617683e-03
2.468099999999999739e+01,-1.047197551196621390e-02,1.296779634231786660e-01,1.153270274728682154e-03
2.506799999999999784e+01,-5.235987755983551040e-03,1.296779634231786660e-01,5.773012141212631541e-04
2.545799999999999841e+01,0.000000000000000000e+00,1.296779634231786660e-01,1.332312406102684788e-06
2.585099999999999909e+01,0.000000000000000000e+00,1.296779634231786660e-01,0.000000000000000000e+00
2.624699999999999989e+01,0.000000000000000000e+00,1.296779634231786660e-01,0.000000000000000000e+00
2.664600000000000080e+01,0.000000000000000000e+00,1.296779634231786660e-01,0.000000000000000000e+00
2.704800000000000182e+01,-5.235987755983551040e-03,1.296779634231786660e-01,5.746658166752317007e-04
2.745300000000000296e+01,-1.047197551196621390e-02,1.296779634231786660e-01,1.150633975983934810e-03
2.786100000000000421e+01,-1.570796326794887676e-02,1.296779634231786660e-01,1.726601996516716501e-03
2.827200000000000557e+01,-2.617993877991509066e-02,1.296779634231786660e-01,2.877269898197415323e-03
2.868700000000000472e+01,-3.141592653589775352e-02,1.296779634231786660e-01,3.454499290298996411e-03
2.910500000000000398e+01,-3.665191429188086047e-02,1.296779634231786660e-01,4.030466869552029249e-03
2.952600000000000335e+01,-3.665191429188086047e-02,1.296779634231786660e-01,4.031710572106894826e-03
2.995000000000000284e+01,-3.665191429188086047e-02,1.335176877775662019e-01,4.031710572106894826e-03
3.037700000000000244e+01,-3.665191429188086047e-02,1.375319450571531599e-01,4.031710572106894826e-03
3.080700000000000216e+01,-3.141592653589775352e-02,1.413716694115406680e-01,3.456961153996324088e-03
3.124000000000000199e+01,-2.617993877991509066e-02,1.452113937659282317e-01,2.880994180413591621e-03
3.167600000000000193e+01,-2.094395102393153962e-02,1.452113937659282317e-01,2.305027320549549435e-03
3.211500000000000199e+01,-1.047197551196621390e-02,1.452113937659282317e-01,1.154286531545234938e-03
3.255700000000000216e+01,-5.235987755983551040e-03,1.452113937659282317e-01,5.771352796202092530e-04
3.300200000000000244e+01,0.000000000000000000e+00,1.452113937659282317e-01,1.168747266960614204e-06
3.345000000000000284e+01,5.235987755983551040e-03,1.452113937659282317e-01,-5.747976802632942007e-04
3.390100000000000335e+01,5.235987755983551040e-03,1.452113937659282317e-01,-5.759586531581906230e-04
3.435500000000000398e+01,5.235987755983551040e-03,1.452113937659282317e-01,-5.759586531581906230e-04
3.481200000000000472e+01,5.235987755983551040e-03,1.452113937659282317e-01,-5.759586531581906230e-04
3.527200000000000557e+01,-5.235987755983551040e-03,1.452113937659282317e-01,5.736968873888673073e-04
3.573500000000000654e+01,-1.047197551196621390e-02,1.452113937659282317e-01,1.150793703793540372e-03
3.620100000000000762e+01,-2.094395102393153962e-02,1.452113937659282317e-01,2.301601782032903186e-03
3.667000000000000881e+01,-2.617993877991509066e-02,1.452113937659282317e-01,2.878683946350833137e-03
3.714200000000001012e+01,-3.141592653589775352e-02,1.452113937659282317e-01,3.454649605736967270e-03
3.761700000000001154e+01,-3.665191429188086047e-02,1.452113937659282317e-01,4.030615177178864875e-03
3.809500000000001307e+01,-4.188790204786396743e-02,1.452113937659282317e-01,4.606580662322005276e-03
3.857600000000001472e+01,-4.188790204786396743e-02,1.492256510455151897e-01,4.607669225265036660e-03
3.906000000000001648e+01,-4.188790204786396743e-02,1.530653753999026978e-01,4.607669225265036660e-03
3.954800000000001603e+01,-3.141592653589775352e-02,1.570796326794896558e-01,3.457884704185405778e-03
4.003900000000001569e+01,-2.617993877991509066e-02,1.610938899590766138e-01,2.880853182340454427e-03
4.053300000000001546e+01,-1.570796326794887676e-02,1.610938899590766138e-01,1.729982996800727814e-03
4.103000000000001535e+01,-5.235987755983551040e-03,1.610938899590766138e-01,5.780530482605838192e-04
4.153000000000001535e+01,0.000000000000000000e+00,1.610938899590766138e-01,1.038886459520546030e-06
4.203400000000001313e+01,0.000000000000000000e+00,1.610938899590766138e-01,0.000000000000000000e+00
4.254100000000001103e+01,5.235987755983551040e-03,1.610938899590766138e-01,-5.749319888923113417e-04
4.305100000000000904e+01,5.235987755983551040e-03,1.610938899590766138e-01,-5.759586531581906230e-04
4.356400000000000716e+01,0.000000000000000000e+00,1.610938899590766138e-01,-1.014726309299137771e-06
4.408000000000000540e+01,-5.235987755983551040e-03,1.610938899590766138e-01,5.749497923188874203e-04
4.459900000000000375e+01,-1.570796326794887676e-02,1.610938899590766138e-01,1.725869833897371395e-03
4.512100000000000222e+01,-2.094395102393153962e-02,1.610938899590766138e-01,2.302837281631329655e-03
4.564600000000000080e+01,-3.141592653589775352e-02,1.610938899590766138e-01,3.453768590253305289e-03
4.617399999999999949e+01,-3.665191429188086047e-02,1.610938899590766138e-01,4.030726363882086022e-03
4.670600000000000307e+01,-4.188790204786396743e-02,1.610938899590766138e-01,4.606690535964853318e-03
4.724099999999999966e+01,-4.188790204786396743e-02,1.649336143134641219e-01,4.607669225265036660e-03
4.777899999999999636e+01,-4.188790204786396743e-02,1.689478715930510799e-01,4.607669225265036660e-03
4.831999999999999318e+01,-3.141592653589775352e-02,1.727875959474386436e-01,3.457676914447276387e-03
4.886399999999999011e+01,-2.617993877991509066e-02,1.768018532270256016e-01,2.880750484758847277e-03
4.941099999999998715e+01,-1.570796326794887676e-02,1.768018532270256016e-01,1.729779955022006654e-03
4.996099999999998431e+01,-1.047197551196621390e-02,1.768018532270256016e-01,1.152864139545213247e-03
5.051399999999998158e+01,0.000000000000000000e+00,1.768018532270256016e-01,1.883448833087448577e-06
5.106999999999997897e+01,5.235987755983551040e-03,1.768018532270256016e-01,-5.750219827188376162e-04
5.162899999999997647e+01,5.235987755983551040e-03,1.768018532270256016e-01,-5.759586531581906230e-04
5.219099999999997408e+01,5.235987755983551040e-03,1.768018532270256016e-01,-5.759586531581906230e-04
5.275599999999997181e+01,0.000000000000000000e+00,1.768018532270256016e-01,-9.202087444610809580e-07
5.332499999999997442e+01,-5.235987755983551040e-03,1.768018532270256016e-01,5.750432706833684231e-04
5.389699999999997715e+01,-1.570796326794887676e-02,1.768018532270256016e-01,1.726054746341860796e-03
5.447199999999997999e+01,-2.094395102393153962e-02,1.768018532270256016e-01,2.302928732397869875e-03
5.504999999999998295e+01,-3.141592653589775352e-02,1.768018532270256016e-01,3.453949513525007235e-03
5.563099999999998602e+01,-3.665191429188086047e-02,1.768018532270256016e-01,4.030815531464846183e-03
5.621599999999998687e+01,-4.188790204786396743e-02,1.768018532270256016e-01,4.606778751156876024e-03
5.680399999999998784e+01,-4.188790204786396743e-02,1.806415775814131097e-01,4.607669225265036660e-03
5.739499999999998892e+01,-4.188790204786396743e-02,1.844813019358006179e-01,4.607669225265036660e-03
5.798899999999999011e+01,-3.665191429188086047e-02,1.884955592153875759e-01,4.032587621982269312e-03
5.858599999999999142e+01,-3.141592653589775352e-02,1.923352835697751118e-01,3.456624583574750310e-03
5.918599999999999284e+01,-2.094395102393153962e-02,1.963495408493620697e-01,2.305571258654354628e-03
5.978899999999999437e+01,-1.047197551196621390e-02,1.963495408493620697e-01,1.153645355080634184e-03
6.039499999999999602e+01,0.000000000000000000e+00,1.963495408493620697e-01,1.716717297043641650e-06
6.100499999999999545e+01,5.235987755983551040e-03,1.963495408493620697e-01,-5.751044952860889445e-04
6.161799999999999500e+01,5.235987755983551040e-03,1.963495408493620697e-01,-5.759586531581906230e-04
6.223399999999999466e+01,5.235987755983551040e-03,1.963495408493620697e-01,-5.759586531581906230e-04
6.285299999999999443e+01,5.235987755983551040e-03,1.963495408493620697e-01,-5.759586531581906230e-04
6.347499999999999432e+01,0.000000000000000000e+00,1.963495408493620697e-01,-8.377580409573681896e-07
6.409999999999999432e+01,-5.235987755983551040e-03,1.963495408493620697e-01,5.751248971460913486e-04
6.472799999999999443e+01,-1.570796326794887676e-02,1.963495408493620697e-01,1.726216375399580163e-03
6.535899999999999466e+01,-2.617993877991509066e-02,1.963495408493620697e-01,2.878141534637353779e-03
6.599299999999999500e+01,-3.141592653589775352e-02,1.963495408493620697e-01,3.454929942848912906e-03
6.662999999999999545e+01,-4.188790204786396743e-02,1.963495408493620697e-01,4.606032979091291904e-03
6.726999999999999602e+01,-4.188790204786396743e-02,1.963495408493620697e-01,4.607669225265036660e-03
6.791299999999999670e+01,-4.188790204786396743e-02,2.003637981289490277e-01,4.607669225265036660e-03
6.856000000000000227e+01,-4.188790204786396743e-02,2.042035224833365359e-01,4.607669225265036660e-03
6.921000000000000796e+01,-3.665191429188086047e-02,2.082177797629234939e-01,4.032512407904136065e-03
6.986300000000001376e+01,-2.617993877991509066e-02,2.120575041173110575e-01,2.881389603521142609e-03
7.051900000000001967e+01,-1.570796326794887676e-02,2.160717613968980155e-01,1.729465030113521611e-03
7.117800000000002569e+01,-1.047197551196621390e-02,2.160717613968980155e-01,1.152707048059267497e-03
7.184100000000002240e+01,0.000000000000000000e+00,2.160717613968980155e-01,1.572368695490422569e-06
7.250700000000001921e+01,5.235987755983551040e-03,2.160717613968980155e-01,-5.751759943007939699e-04
7.317600000000001614e+01,1.047197551196576981e-02,2.160717613968980155e-01,-1.151138141471594540e-03
7.384800000000001319e+01,1.047197551196576981e-02,2.160717613968980155e-01,-1.151917306316234662e-03
7.452300000000001035e+01,1.047197551196576981e-02,2.160717613968980155e-01,-1.151917306316234662e-03
7.520100000000000762e+01,5.235987755983551040e-03,2.160717613968980155e-01,-5.767275206700823217e-04
7.588200000000000500e+01,0.000000000000000000e+00,2.160717613968980155e-01,-7.654952859625074284e-07
7.656600000000000250e+01,-1.047197551196621390e-02,2.160717613968980155e-01,1.150395216852334937e-03
7.725400000000000489e+01,-2.094395102393153962e-02,2.160717613968980155e-01,2.302319131371692758e-03
7.794500000000000739e+01,-3.141592653589775352e-02,2.160717613968980155e-01,3.454242988759708820e-03
7.863900000000001000e+01,-3.665191429188086047e-02,2.160717613968980155e-01,4.030959354351373522e-03
7.933600000000001273e+01,-4.188790204786396743e-02,2.160717613968980155e-01,4.606921227014181691e-03
8.003600000000001558e+01,-4.188790204786396743e-02,2.199114857512854959e-01,4.607669225265036660e-03
8.073900000000001853e+01,-4.188790204786396743e-02,2.237512101056730596e-01,4.607669225265036660e-03
8.144500000000002160e+01,-4.188790204786396743e-02,2.277654673852600176e-01,4.607669225265036660e-03
8.215400000000002478e+01,-3.665191429188086047e-02,2.316051917396474980e-01,4.032445963645656280e-03
8.286600000000002808e+01,-2.617993877991509066e-02,2.356194490192344837e-01,2.881257877750375337e-03
8.358100000000003149e+01,-1.570796326794887676e-02,2.396337062988214417e-01,1.729334451885513940e-03
8.429900000000003502e+01,-5.235987755983551040e-03,2.396337062988214417e-01,5.774110769462579640e-04
8.502000000000003865e+01,5.235987755983551040e-03,2.396337062988214417e-01,-5.745142427427468376e-04
8.574500000000003297e+01,1.047197551196576981e-02,2.396337062988214417e-01,-1.151198077228874749e-03
8.647300000000002740e+01,1.570796326794887676e-02,2.396337062988214417e-01,-1.727159682079577093e-03
8.720400000000002194e+01,2.094395102393198371e-02,2.396337062988214417e-01,-2.303121262802002803e-03
8.793800000000001660e+01,2.094395102393198371e-02,2.396337062988214417e-01,-2.303834612632518330e-03
8.867500000000001137e+01,2.094395102393198371e-02,2.396337062988214417e-01,-2.303834612632518330e-03
8.941500000000000625e+01,1.570796326794887676e-02,2.396337062988214417e-01,-1.728580668459030927e-03
9.015800000000000125e+01,1.047197551196576981e-02,2.396337062988214417e-01,-1.152619181350548853e-03
9.090399999999999636e+01,5.235987755983551040e-03,2.396337062988214417e-01,-5.766577169440360992e-04
9.165299999999999159e+01,-5.235987755983551040e-03,2.396337062988214417e-01,5.745661032230887011e-04
9.240499999999998693e+01,-1.570796326794887676e-02,2.396337062988214417e-01,1.726488942850275049e-03
9.315999999999998238e+01,-2.094395102393153962e-02,2.396337062988214417e-01,2.303143849076271215e-03
9.391799999999997794e+01,-3.141592653589775352e-02,2.396337062988214417e-01,3.454377643947182264e-03
9.467999999999997840e+01,-3.665191429188086047e-02,2.396337062988214417e-01,4.031027022791492179e-03
9.544599999999998374e+01,-3.665191429188086047e-02,2.396337062988214417e-01,4.031710572106894826e-03
9.621499999999998920e+01,-3.665191429188086047e-02,2.434734306532089498e-01,4.031710572106894826e-03
9.698699999999999477e+01,-3.665191429188086047e-02,2.474876879327959356e-01,4.031710572106894826e-03
9.776200000000000045e+01,-3.141592653589775352e-02,2.513274122871834715e-01,3.456424925087054310e-03
9.854000000000000625e+01,-2.617993877991509066e-02,2.553416695667704017e-01,2.880463686758135376e-03
9.932100000000001216e+01,-1.570796326794887676e-02,2.553416695667704017e-01,1.729211670636616799e-03
1.001050000000000182e+02,-5.235987755983551040e-03,2.553416695667704017e-01,5.772892726641581061e-04
1.008920000000000243e+02,0.000000000000000000e+00,2.553416695667704017e-01,6.627832602510823534e-07
1.016820000000000306e+02,1.047197551196576981e-02,2.553416695667704017e-01,-1.150596754549278134e-03
1.024750000000000369e+02,1.047197551196576981e-02,2.553416695667704017e-01,-1.151917306316234662e-03
1.032710000000000434e+02,1.570796326794887676e-02,2.553416695667704017e-01,-1.727220641857857893e-03
1.040700000000000500e+02,1.570796326794887676e-02,2.553416695667704017e-01,-1.727875959474376496e-03
1.048730000000000473e+02,1.047197551196576981e-02,2.553416695667704017e-01,-1.152566932588688833e-03
1.056790000000000447e+02,5.235987755983551040e-03,2.553416695667704017e-01,-5.766058704333429158e-04
1.064880000000000422e+02,0.000000000000000000e+00,2.553416695667704017e-01,-6.448260783230975396e-07
1.073000000000000398e+02,-1.047197551196621390e-02,2.553416695667704017e-01,1.150632401345490002e-03
1.081150000000000375e+02,-1.570796326794887676e-02,2.553416695667704017e-01,1.727235863171689215e-03
1.089330000000000354e+02,-2.617993877991509066e-02,2.553416695667704017e-01,2.878517751111979613e-03
1.097540000000000333e+02,-3.141592653589775352e-02,2.553416695667704017e-01,3.455116483541473618e-03
1.105780000000000314e+02,-3.665191429188086047e-02,2.553416695667704017e-01,4.031077441785735696e-03
1.114050000000000296e+02,-3.665191429188086047e-02,2.553416695667704017e-01,4.031710572106894826e-03
1.122350000000000279e+02,-3.665191429188086047e-02,2.591813939211579099e-01,4.031710572106894826e-03
1.130680000000000263e+02,-3.665191429188086047e-02,2.630211182755454735e-01,4.031710572106894826e-03
1.139050000000000296e+02,-3.141592653589775352e-02,2.670353755551324038e-01,3.456375250824465176e-03
1.147450000000000330e+02,-2.094395102393153962e-02,2.708750999095199674e-01,2.305075368024882450e-03
1.155890000000000271e+02,-1.047197551196621390e-02,2.708750999095199674e-01,1.153153667061497696e-03
1.164360000000000213e+02,0.000000000000000000e+00,2.708750999095199674e-01,1.231997119054848823e-06
1.172860000000000156e+02,5.235987755983551040e-03,2.708750999095199674e-01,-5.753448210648748210e-04
1.181390000000000100e+02,1.047197551196576981e-02,2.708750999095199674e-01,-1.151305625503619857e-03
1.189950000000000045e+02,1.570796326794887676e-02,2.708750999095199674e-01,-1.727266414916054727e-03
1.198539999999999992e+02,1.570796326794887676e-02,2.708750999095199674e-01,-1.727875959474376496e-03
1.207159999999999940e+02,1.570796326794887676e-02,2.708750999095199674e-01,-1.727875959474376496e-03
1.215809999999999889e+02,1.570796326794887676e-02,2.708750999095199674e-01,-1.727875959474376496e-03
1.224489999999999839e+02,1.047197551196576981e-02,2.708750999095199674e-01,-1.152518453016117836e-03
1.233199999999999790e+02,0.000000000000000000e+00,2.708750999095199674e-01,-1.198166534549859447e-06
1.241939999999999742e+02,-1.047197551196621390e-02,2.708750999095199674e-01,1.150723238412980527e-03
1.250709999999999695e+02,-2.094395102393153962e-02,2.708750999095199674e-01,2.302645966149839685e-03
1.259519999999999698e+02,-2.617993877991509066e-02,2.708750999095199674e-01,2.879200959483422129e-03
1.268359999999999701e+02,-3.141592653589775352e-02,2.708750999095199674e-01,3.455160949676068776e-03
1.277219999999999658e+02,-3.665191429188086047e-02,2.708750999095199674e-01,4.031121597106221595e-03
1.286109999999999616e+02,-3.665191429188086047e-02,2.708750999095199674e-01,4.031710572106894826e-03
1.295029999999999575e+02,-3.665191429188086047e-02,2.748893571891068976e-01,4.031710572106894826e-03
1.303979999999999677e+02,-3.665191429188086047e-02,2.789036144686938834e-01,4.031710572106894826e-03
1.312949999999999591e+02,-2.617993877991509066e-02,2.827433388230813360e-01,2.880955527223730533e-03
1.321959999999999695e+02,-2.094395102393153962e-02,2.865830631774688997e-01,2.304413814817865905e-03
1.330999999999999659e+02,-1.047197551196621390e-02,2.865830631774688997e-01,1.153073153503034621e-03
1.340059999999999718e+02,-5.235987755983551040e-03,2.865830631774688997e-01,5.765346694129742369e-04
1.349149999999999636e+02,5.235987755983551040e-03,2.865830631774688997e-01,-5.748104102292468740e-04
1.358269999999999698e+02,1.047197551196576981e-02,2.865830631774688997e-01,-1.151345067217220304e-03
1.367419999999999618e+02,1.570796326794887676e-02,2.865830631774688997e-01,-1.727305590437776955e-03
1.376599999999999682e+02,1.570796326794887676e-02,2.865830631774688997e-01,-1.727875959474376496e-03
1.385809999999999604e+02,1.570796326794887676e-02,2.865830631774688997e-01,-1.727875959474376496e-03
1.395059999999999718e+02,1.047197551196576981e-02,2.865830631774688997e-01,-1.152481529134767374e-03
1.404339999999999691e+02,0.000000000000000000e+00,2.865830631774688997e-01,-1.124809399781500459e-06
1.413649999999999807e+02,-5.235987755983551040e-03,2.865830631774688997e-01,5.753980548973788205e-04
1.422989999999999782e+02,-1.570796326794887676e-02,2.865830631774688997e-01,1.726758352696151693e-03
1.432359999999999900e+02,-2.617993877991509066e-02,2.865830631774688997e-01,2.878679225842578453e-03
1.441759999999999877e+02,-3.141592653589775352e-02,2.865830631774688997e-01,3.455196671042497832e-03
1.451189999999999998e+02,-3.141592653589775352e-02,2.865830631774688997e-01,3.455751918948752992e-03
1.460649999999999977e+02,-3.141592653589775352e-02,2.865830631774688997e-01,3.455751918948752992e-03
1.470140000000000100e+02,-3.141592653589775352e-02,2.865830631774688997e-01,3.455751918948752992e-03
1.479660000000000082e+02,-3.141592653589775352e-02,2.865830631774688997e-01,3.455751918948752992e-03
1.489210000000000207e+02,-2.094395102393153962e-02,2.865830631774688997e-01,2.304927720723488720e-03
1.498790000000000191e+02,-1.570796326794887676e-02,2.865830631774688997e-01,1.728420807315789783e-03
1.508400000000000318e+02,-1.047197551196621390e-02,2.865830631774688997e-01,1.152460458573128371e-03
1.518040000000000305e+02,-5.235987755983551040e-03,2.865830631774688997e-01,5.765001203511567474e-04
1.527710000000000434e+02,-5.235987755983551040e-03,2.865830631774688997e-01,5.759586531581906230e-04
1.537410000000000423e+02,-5.235987755983551040e-03,2.865830631774688997e-01,5.759586531581906230e-04
1.547140000000000555e+02,-5.235987755983551040e-03,2.865830631774688997e-01,5.759586531581906230e-04
1.556900000000000546e+02,-5.235987755983551040e-03,2.865830631774688997e-01,5.759586531581906230e-04
1.566690000000000680e+02,-1.047197551196621390e-02,2.865830631774688997e-01,1.151384110007120255e-03
1.576510000000000673e+02,-2.094395102393153962e-02,2.865830631774688997e-01,2.302771467910442495e-03
1.586360000000000809e+02,-2.617993877991509066e-02,2.865830631774688997e-01,2.879263307515763249e-03
1.596240000000000805e+02,-3.141592653589775352e-02,2.865830631774688997e-01,3.455223564987503718e-03
1.606150000000000944e+02,-3.665191429188086047e-02,2.865830631774688997e-01,4.031183812775306942e-03
1.616090000000000941e+02,-3.665191429188086047e-02,2.865830631774688997e-01,4.031710572106894826e-03
1.626060000000001082e+02,-3.665191429188086047e-02,2.905973204570558299e-01,4.031710572106894826e-03
1.636060000000001082e+02,-3.665191429188086047e-02,2.944370448114433936e-01,4.031710572106894826e-03
1.646090000000000941e+02,-3.141592653589775352e-02,2.984513020910303793e-01,3.456272394868831026e-03
1.656150000000000944e+02,-2.094395102393153962e-02,3.022910264454178320e-01,2.304872469472109536e-03
1.666240000000000805e+02,-1.570796326794887676e-02,3.022910264454178320e-01,1.728393349568841048e-03
1.676360000000000809e+02,-1.047197551196621390e-02,3.022910264454178320e-01,1.152433167178941713e-03
1.686510000000000673e+02,0.000000000000000000e+00,3.022910264454178320e-01,1.028681288012398323e-06
1.696690000000000680e+02,0.000000000000000000e+00,3.022910264454178320e-01,0.000000000000000000e+00
1.706900000000000546e+02,5.235987755983551040e-03,3.022910264454178320e-01,-5.754473262288954411e-04
1.717140000000000555e+02,5.235987755983551040e-03,3.022910264454178320e-01,-5.759586531581906230e-04
1.727410000000000423e+02,0.000000000000000000e+00,3.022910264454178320e-01,-5.083483258236457667e-07
1.737710000000000434e+02,-5.235987755983551040e-03,3.022910264454178320e-01,5.754522713636080764e-04
1.748050000000000352e+02,-1.570796326794887676e-02,3.022910264454178320e-01,1.726866125770233065e-03
1.758420000000000414e+02,-2.094395102393153962e-02,3.022910264454178320e-01,2.303331152271316691e-03
1.768820000000000334e+02,-2.617993877991509066e-02,3.022910264454178320e-01,2.879291253541764808e-03
1.779250000000000398e+02,-3.141592653589775352e-02,3.022910264454178320e-01,3.455251346505542904e-03
1.789710000000000321e+02,-3.141592653589775352e-02,3.022910264454178320e-01,3.455751918948752992e-03
1.800200000000000387e+02,-3.141592653589775352e-02,3.022910264454178320e-01,3.455751918948752992e-03
1.810720000000000312e+02,-3.141592653589775352e-02,3.022910264454178320e-01,3.455751918948752992e-03
1.821270000000000380e+02,-2.617993877991509066e-02,3.022910264454178320e-01,2.880288160663626012e-03
1.831850000000000307e+02,-2.094395102393153962e-02,3.022910264454178320e-01,2.304328108179687449e-03
1.842460000000000377e+02,-2.094395102393153962e-02,3.022910264454178320e-01,2.303834612632469324e-03
1.853100000000000307e+02,-1.570796326794887676e-02,3.022910264454178320e-01,1.728366679976343087e-03
1.863770000000000380e+02,-1.047197551196621390e-02,3.022910264454178320e-01,1.152406650966375122e-03
1.874470000000000312e+02,-1.047197551196621390e-02,3.022910264454178320e-01,1.151917306316283451e-03
1.885200000000000387e+02,-1.047197551196621390e-02,3.022910264454178320e-01,1.151917306316283451e-03
1.895960000000000321e+02,-1.570796326794887676e-02,3.022910264454178320e-01,1.727390696475675615e-03
1.906750000000000398e+02,-2.094395102393153962e-02,3.022910264454178320e-01,2.303350695094947328e-03
1.917570000000000334e+02,-2.617993877991509066e-02,3.022910264454178320e-01,2.879310686273979861e-03
1.928420000000000414e+02,-3.141592653589775352e-02,3.022910264454178320e-01,3.455270670074122360e-03
1.939300000000000352e+02,-3.665191429188086047e-02,3.022910264454178320e-01,4.031230646556391989e-03
1.950210000000000434e+02,-3.665191429188086047e-02,3.022910264454178320e-01,4.031710572106894826e-03
1.961150000000000375e+02,-4.188790204786396743e-02,3.063052837250048177e-01,4.607191924649177601e-03
1.972120000000000459e+02,-4.188790204786396743e-02,3.101450080793923259e-01,4.607669225265036660e-03
1.983130000000000450e+02,-3.665191429188086047e-02,3.141592653589793116e-01,4.032184846360154125e-03
1.994170000000000584e+02,-3.141592653589775352e-02,3.179989897133668197e-01,3.456224907905932654e-03
2.005240000000000578e+02,-2.617993877991509066e-02,3.220132469929538055e-01,2.880264976399307328e-03
2.016340000000000714e+02,-1.570796326794887676e-02,3.220132469929538055e-01,1.728816837777338161e-03
2.027470000000000709e+02,-1.047197551196621390e-02,3.220132469929538055e-01,1.152386480846389651e-03
2.038630000000000848e+02,-5.235987755983551040e-03,3.220132469929538055e-01,5.764265698477333451e-04
2.049820000000000846e+02,-5.235987755983551040e-03,3.220132469929538055e-01,5.759586531581906230e-04
2.061040000000000987e+02,-5.235987755983551040e-03,3.220132469929538055e-01,5.759586531581906230e-04
2.072290000000000987e+02,-5.235987755983551040e-03,3.220132469929538055e-01,5.759586531581906230e-04
2.083580000000000894e+02,-1.570796326794887676e-02,3.220132469929538055e-01,1.726950873298407864e-03
2.094900000000000944e+02,-2.094395102393153962e-02,3.220132469929538055e-01,2.303373292125334391e-03
2.106250000000000853e+02,-2.617993877991509066e-02,3.220132469929538055e-01,2.879333161418429817e-03
2.117630000000000905e+02,-3.141592653589775352e-02,3.220132469929538055e-01,3.455293024316326636e-03
2.129040000000000816e+02,-3.665191429188086047e-02,3.220132469929538055e-01,4.031252880869484051e-03
2.140480000000000871e+02,-3.665191429188086047e-02,3.220132469929538055e-01,4.031710572106894826e-03
2.151950000000000784e+02,-3.665191429188086047e-02,3.258529713473413691e-01,4.031710572106894826e-03
2.163450000000000841e+02,-3.665191429188086047e-02,3.298672286269282439e-01,4.031710572106894826e-03
2.174980000000000757e+02,-3.141592653589775352e-02,3.337069529813158075e-01,3.456205251221998453e-03
2.186530000000000769e+02,-2.617993877991509066e-02,3.377212102609027933e-01,2.880245033500408204e-03
2.198120000000000687e+02,-2.094395102393153962e-02,3.377212102609027933e-01,2.304285213988406088e-03
2.209740000000000748e+02,-1.047197551196621390e-02,3.377212102609027933e-01,1.152816188334477871e-03
2.221390000000000668e+02,-5.235987755983551040e-03,3.377212102609027933e-01,5.764069397811343249e-04
2.233070000000000732e+02,-5.235987755983551040e-03,3.377212102609027933e-01,5.759586531581906230e-04
2.244780000000000655e+02,0.000000000000000000e+00,3.377212102609027933e-01,4.459955499134201048e-07
2.256520000000000721e+02,0.000000000000000000e+00,3.377212102609027933e-01,0.000000000000000000e+00
2.268290000000000646e+02,-5.235987755983551040e-03,3.377212102609027933e-01,5.755149253822598125e-04
2.280090000000000714e+02,-1.570796326794887676e-02,3.377212102609027933e-01,1.726990754443779230e-03
2.291920000000000641e+02,-2.094395102393153962e-02,3.377212102609027933e-01,2.303393129685085087e-03
2.303780000000000712e+02,-2.617993877991509066e-02,3.377212102609027933e-01,2.879352896761561663e-03
2.315670000000000641e+02,-3.141592653589775352e-02,3.377212102609027933e-01,3.455313026429391449e-03
2.327600000000000762e+02,-3.665191429188086047e-02,3.377212102609027933e-01,4.031272780488501760e-03
2.339560000000000741e+02,-4.188790204786396743e-02,3.377212102609027933e-01,4.607232529038516287e-03
2.351550000000000864e+02,-4.188790204786396743e-02,3.415609346152903014e-01,4.607669225265036660e-03
2.363570000000000846e+02,-4.188790204786396743e-02,3.455751918948772872e-01,4.607669225265036660e-03
2.375620000000000971e+02,-3.665191429188086047e-02,3.494149162492647398e-01,4.032144014801926704e-03
2.387700000000000955e+02,-3.141592653589775352e-02,3.534291735288517255e-01,3.456184287879882858e-03
2.399810000000001082e+02,-2.094395102393153962e-02,3.572688978832391782e-01,2.304697213580736512e-03
2.411950000000001069e+02,-1.570796326794887676e-02,3.572688978832391782e-01,1.728306196759173824e-03
2.424120000000001198e+02,-5.235987755983551040e-03,3.572688978832391782e-01,5.768170118067122683e-04
2.436320000000001187e+02,0.000000000000000000e+00,3.572688978832391782e-01,4.281265540460793893e-07
2.448550000000001319e+02,0.000000000000000000e+00,3.572688978832391782e-01,0.000000000000000000e+00
2.460810000000001310e+02,5.235987755983551040e-03,3.572688978832391782e-01,-5.755326167256451806e-04
2.473100000000001444e+02,5.235987755983551040e-03,3.572688978832391782e-01,-5.759586531581906230e-04
2.485420000000001437e+02,0.000000000000000000e+00,3.572688978832391782e-01,-4.239666199176964805e-07
2.497770000000001573e+02,-5.235987755983551040e-03,3.572688978832391782e-01,5.755357139210352021e-04
2.510150000000001569e+02,-1.047197551196621390e-02,3.572688978832391782e-01,1.151495389494689315e-03
2.522560000000001708e+02,-1.570796326794887676e-02,3.572688978832391782e-01,1.727455060137078830e-03
2.535000000000001705e+02,-2.617993877991509066e-02,3.572688978832391782e-01,2.878953492293309484e-03
2.547470000000001846e+02,-3.141592653589775352e-02,3.572688978832391782e-01,3.455333039928274331e-03
2.559970000000001846e+02,-3.665191429188086047e-02,3.572688978832391782e-01,4.031292695989098507e-03
2.572500000000001705e+02,-3.665191429188086047e-02,3.572688978832391782e-01,4.031710572106894826e-03
2.585060000000001423e+02,-3.665191429188086047e-02,3.612831551628262194e-01,4.031710572106894826e-03
2.597660000000001332e+02,-3.665191429188086047e-02,3.651228795172137831e-01,4.031710572106894826e-03
2.610290000000001100e+02,-3.665191429188086047e-02,3.691371367968007133e-01,4.031710572106894826e-03
2.622950000000001296e+02,-2.617993877991509066e-02,3.729768611511882215e-01,2.880617830791602427e-03
2.635650000000001114e+02,-2.094395102393153962e-02,3.769911184307751517e-01,2.304245923532389356e-03
2.648380000000001360e+02,-1.047197551196621390e-02,3.769911184307751517e-01,1.152737994052330716e-03
2.661140000000001464e+02,-5.235987755983551040e-03,3.769911184307751517e-01,5.763680345308241177e-04
2.673930000000001428e+02,0.000000000000000000e+00,3.769911184307751517e-01,4.084233819019930865e-07
2.686750000000001251e+02,5.235987755983551040e-03,3.769911184307751517e-01,-5.755511832939118333e-04
2.699600000000001501e+02,1.047197551196576981e-02,3.769911184307751517e-01,-1.151510785527726753e-03
2.712480000000001610e+02,1.047197551196576981e-02,3.769911184307751517e-01,-1.151917306316234662e-03
2.725390000000001578e+02,1.047197551196576981e-02,3.769911184307751517e-01,-1.151917306316234662e-03
2.738330000000001405e+02,5.235987755983551040e-03,3.769911184307751517e-01,-5.763623530622755640e-04
2.751300000000001660e+02,0.000000000000000000e+00,3.769911184307751517e-01,-4.027682889218116459e-07
2.764300000000001774e+02,-5.235987755983551040e-03,3.769911184307751517e-01,5.755568121945694830e-04
2.777330000000001746e+02,-1.570796326794887676e-02,3.769911184307751517e-01,1.727074123677135474e-03
2.790390000000001578e+02,-2.094395102393153962e-02,3.769911184307751517e-01,2.303434613567841103e-03
2.803480000000001837e+02,-3.141592653589775352e-02,3.769911184307751517e-01,3.454953750083511552e-03
2.816600000000001955e+02,-3.141592653589775352e-02,3.769911184307751517e-01,3.455751918948752992e-03
2.829750000000001933e+02,-3.665191429188086047e-02,3.769911184307751517e-01,4.031313304447108926e-03
2.842930000000001769e+02,-3.665191429188086047e-02,3.769911184307751517e-01,4.031710572106894826e-03
2.856140000000002033e+02,-3.665191429188086047e-02,3.808308427851627154e-01,4.031710572106894826e-03
2.869380000000002156e+02,-3.141592653589775352e-02,3.848451000647496456e-01,3.456146492253650386e-03
2.882650000000002137e+02,-2.617993877991509066e-02,3.886848244191371538e-01,2.880186949080583078e-03
2.895950000000001978e+02,-2.094395102393153962e-02,3.886848244191371538e-01,2.304227409913488407e-03
2.909280000000002246e+02,-1.047197551196621390e-02,3.886848244191371538e-01,1.152700550558016053e-03
2.922650000000002137e+02,-5.235987755983551040e-03,3.886848244191371538e-01,5.763493985131147405e-04
2.936050000000001887e+02,0.000000000000000000e+00,3.886848244191371538e-01,3.898725060300484619e-07
2.949480000000002065e+02,0.000000000000000000e+00,3.886848244191371538e-01,0.000000000000000000e+00
2.962940000000002101e+02,0.000000000000000000e+00,3.886848244191371538e-01,0.000000000000000000e+00
2.976430000000001996e+02,0.000000000000000000e+00,3.886848244191371538e-01,0.000000000000000000e+00
2.989950000000001751e+02,-5.235987755983551040e-03,3.886848244191371538e-01,5.755722333976014821e-04
3.003500000000001933e+02,-1.047197551196621390e-02,3.886848244191371538e-01,1.151531740207595430e-03
3.017080000000001974e+02,-1.570796326794887676e-02,3.886848244191371538e-01,1.727491243254245575e-03
3.030690000000001874e+02,-2.094395102393153962e-02,3.886848244191371538e-01,2.303450742562382532e-03
3.044330000000001633e+02,-3.141592653589775352e-02,3.886848244191371538e-01,3.454985863680870139e-03
3.058000000000001819e+02,-3.665191429188086047e-02,3.886848244191371538e-01,4.031328383219596502e-03
3.071700000000001864e+02,-4.188790204786396743e-02,3.886848244191371538e-01,4.607288149009142880e-03
3.085440000000002101e+02,-4.188790204786396743e-02,3.926990816987241395e-01,4.607669225265036660e-03
3.099210000000002196e+02,-4.188790204786396743e-02,3.965388060531116476e-01,4.607669225265036660e-03
3.113010000000002151e+02,-4.188790204786396743e-02,4.005530633326986334e-01,4.607669225265036660e-03
3.126840000000001965e+02,-3.141592653589775352e-02,4.043927876870861970e-01,3.456507472737494705e-03
3.140700000000002206e+02,-2.617993877991509066e-02,4.084070449666730718e-01,2.880170226752213833e-03
3.154590000000002306e+02,-1.570796326794887676e-02,4.084070449666730718e-01,1.728628256565753083e-03
3.168510000000002265e+02,-1.047197551196621390e-02,4.084070449666730718e-01,1.152292645940368324e-03
3.182460000000002083e+02,0.000000000000000000e+00,4.084070449666730718e-01,7.490683484954372069e-07
3.196440000000002328e+02,5.235987755983551040e-03,4.084070449666730718e-01,-5.755849209843160157e-04
3.210450000000002433e+02,5.235987755983551040e-03,4.084070449666730718e-01,-5.759586531581906230e-04
3.224490000000002397e+02,1.047197551196576981e-02,4.084070449666730718e-01,-1.151545167882973711e-03
3.238560000000002219e+02,5.235987755983551040e-03,4.084070449666730718e-01,-5.763299998075510850e-04
3.252660000000002469e+02,0.000000000000000000e+00,4.084070449666730718e-01,-3.702961637895015479e-07
3.266800000000002342e+02,-5.235987755983551040e-03,4.084070449666730718e-01,5.755891409665192136e-04
3.280970000000002074e+02,-1.570796326794887676e-02,4.084070449666730718e-01,1.727138496410153675e-03
3.295170000000002233e+02,-2.617993877991509066e-02,4.084070449666730718e-01,2.879057357462342249e-03
3.309400000000002251e+02,-3.141592653589775352e-02,4.084070449666730718e-01,3.455384738881713338e-03
3.323660000000002128e+02,-3.665191429188086047e-02,4.084070449666730718e-01,4.031344162886742362e-03
3.337950000000001864e+02,-4.188790204786396743e-02,4.084070449666730718e-01,4.607303583661965206e-03
3.352270000000002028e+02,-4.188790204786396743e-02,4.122467693210606354e-01,4.607669225265036660e-03
3.366620000000002051e+02,-4.188790204786396743e-02,4.162610266006476212e-01,4.607669225265036660e-03
3.381010000000002265e+02,-3.665191429188086047e-02,4.201007509550350738e-01,4.032073678053911363e-03
3.395430000000002337e+02,-3.141592653589775352e-02,4.241150082346221151e-01,3.456114271042592164e-03
3.409880000000002269e+02,-2.094395102393153962e-02,4.279547325890095677e-01,2.304557815361196142e-03
3.424360000000002060e+02,-1.047197551196621390e-02,4.279547325890095677e-01,1.152639013794709523e-03
3.438870000000002278e+02,-5.235987755983551040e-03,4.279547325890095677e-01,5.763187623573641201e-04
3.453410000000002356e+02,0.000000000000000000e+00,4.279547325890095677e-01,3.593677251876149662e-07
3.467980000000002292e+02,5.235987755983551040e-03,4.279547325890095677e-01,-5.756000238598355532e-04
3.482580000000002087e+02,5.235987755983551040e-03,4.279547325890095677e-01,-5.759586531581906230e-04
3.497210000000002310e+02,5.235987755983551040e-03,4.279547325890095677e-01,-5.759586531581906230e-04
3.511870000000002392e+02,-5.235987755983551040e-03,4.279547325890095677e-01,5.752457889300104576e-04
3.526560000000002333e+02,-1.047197551196621390e-02,4.279547325890095677e-01,1.151561600626338760e-03
3.541280000000002133e+02,-2.094395102393153962e-02,4.279547325890095677e-01,2.303124648190979767e-03
3.556030000000002360e+02,-2.617993877991509066e-02,4.279547325890095677e-01,2.879438764249970823e-03
3.570800000000002115e+02,-3.665191429188086047e-02,4.279547325890095677e-01,4.031003006193923863e-03
3.585600000000002296e+02,-4.188790204786396743e-02,4.279547325890095677e-01,4.607316157985469514e-03
3.600430000000002337e+02,-4.188790204786396743e-02,4.319689898685966090e-01,4.607669225265036660e-03
3.615290000000002237e+02,-4.188790204786396743e-02,4.358087142229840616e-01,4.607669225265036660e-03
3.630190000000002328e+02,-4.188790204786396743e-02,4.398229715025709918e-01,4.607669225265036660e-03
3.645120000000002278e+02,-3.665191429188086047e-02,4.436626958569585555e-01,4.032060571288444140e-03
3.660080000000002087e+02,-2.617993877991509066e-02,4.476769531365454857e-01,2.880491863223080037e-03
3.675070000000002324e+02,-1.570796326794887676e-02,4.515166774909330494e-01,1.728573161572376964e-03
3.690090000000002419e+02,-5.235987755983551040e-03,4.515166774909330494e-01,5.766544654845670278e-04
3.705140000000002374e+02,0.000000000000000000e+00,4.515166774909330494e-01,3.472140421739754801e-07
3.720220000000002187e+02,5.235987755983551040e-03,4.515166774909330494e-01,-5.756121284887013179e-04
3.735330000000002428e+02,1.047197551196576981e-02,4.515166774909330494e-01,-1.151571468287438012e-03
3.750470000000002528e+02,1.047197551196576981e-02,4.515166774909330494e-01,-1.151917306316234662e-03
3.765640000000002487e+02,1.047197551196576981e-02,4.515166774909330494e-01,-1.151917306316234662e-03
3.780840000000002306e+02,5.235987755983551040e-03,4.515166774909330494e-01,-5.763022219085831965e-04
3.796080000000002315e+02,-5.235987755983551040e-03,4.515166774909330494e-01,5.752728656328489742e-04
3.811350000000002183e+02,-1.570796326794887676e-02,4.515166774909330494e-01,1.727191516630457481e-03
3.826650000000001910e+02,-2.617993877991509066e-02,4.515166774909330494e-01,2.879110162365222225e-03
3.841980000000002065e+02,-3.141592653589775352e-02,4.515166774909330494e-01,3.455411034329222870e-03
3.857340000000002078e+02,-4.188790204786396743e-02,4.515166774909330494e-01,4.606988785010849088e-03
3.872730000000001951e+02,-4.188790204786396743e-02,4.515166774909330494e-01,4.607669225265036660e-03
3.888150000000001683e+02,-4.188790204786396743e-02,4.555309347705200351e-01,4.607669225265036660e-03
3.903600000000001842e+02,-4.188790204786396743e-02,4.593706591249075433e-01,4.607669225265036660e-03
3.919080000000001860e+02,-4.188790204786396743e-02,4.633849164044944735e-01,4.607669225265036660e-03
3.934590000000001737e+02,-3.141592653589775352e-02,4.672246407588820372e-01,3.456425791246819750e-03
3.950130000000001473e+02,-2.617993877991509066e-02,4.712388980384689674e-01,2.880129552737094312e-03
3.965700000000001637e+02,-1.570796326794887676e-02,4.712388980384689674e-01,1.728547239955912978e-03
3.981300000000001660e+02,-5.235987755983551040e-03,4.712388980384689674e-01,5.766286451935051039e-04
3.996930000000001542e+02,0.000000000000000000e+00,4.712388980384689674e-01,3.341408906179675497e-07
4.012600000000001614e+02,5.235987755983551040e-03,4.712388980384689674e-01,-5.756251507533509566e-04
4.028300000000001546e+02,1.047197551196576981e-02,4.712388980384689674e-01,-1.151584439961753862e-03
4.044030000000001337e+02,1.047197551196576981e-02,4.712388980384689674e-01,-1.151917306316234662e-03
4.059790000000001555e+02,5.235987755983551040e-03,4.712388980384689674e-01,-5.762902546626860398e-04
4.075580000000001633e+02,0.000000000000000000e+00,4.712388980384689674e-01,-3.309726773693774378e-07
4.091400000000001569e+02,-1.047197551196621390e-02,4.712388980384689674e-01,1.151256613854960810e-03
4.107250000000001364e+02,-2.094395102393153962e-02,4.712388980384689674e-01,2.303175168330707633e-03
4.123130000000001587e+02,-2.617993877991509066e-02,4.712388980384689674e-01,2.879464165366022073e-03
4.139040000000001669e+02,-3.665191429188086047e-02,4.712388980384689674e-01,4.031053610029607277e-03
4.154980000000001610e+02,-4.188790204786396743e-02,4.712388980384689674e-01,4.607341361285325482e-03
4.170950000000001410e+02,-4.712388980384663029e-02,4.750786223928565311e-01,5.183300629188380276e-03
4.186950000000001637e+02,-4.712388980384663029e-02,4.790928796724434613e-01,5.183627878423129054e-03
4.202990000000001487e+02,-4.712388980384663029e-02,4.829326040268310249e-01,5.183627878423129054e-03
4.219060000000001764e+02,-4.188790204786396743e-02,4.869468613064178997e-01,4.607994441895842640e-03
4.235160000000001901e+02,-3.665191429188086047e-02,4.907865856608054633e-01,4.032035183871059657e-03
4.251290000000001896e+02,-3.141592653589775352e-02,4.948008429403923936e-01,3.456075928092069201e-03
4.267450000000001751e+02,-2.094395102393153962e-02,4.986405672947799572e-01,2.304481430144017778e-03
4.283640000000002033e+02,-1.047197551196621390e-02,4.986405672947799572e-01,1.152562927494579391e-03
4.299860000000002174e+02,0.000000000000000000e+00,4.986405672947799572e-01,6.444292622748438516e-07
4.316110000000002174e+02,1.047197551196576981e-02,4.986405672947799572e-01,-1.151274459446255437e-03
4.332400000000002365e+02,1.570796326794887676e-02,4.986405672947799572e-01,-1.727555126891289119e-03
4.348720000000002415e+02,1.570796326794887676e-02,4.986405672947799572e-01,-1.727875959474376496e-03
4.365070000000002324e+02,2.094395102393198371e-02,4.986405672947799572e-01,-2.303514955260357790e-03
4.381450000000002092e+02,2.094395102393198371e-02,4.986405672947799572e-01,-2.303834612632518330e-03
4.397860000000002287e+02,1.570796326794887676e-02,4.986405672947799572e-01,-1.728194256602400090e-03
4.414310000000002105e+02,1.047197551196576981e-02,4.986405672947799572e-01,-1.152235024019874349e-03
4.430790000000002351e+02,0.000000000000000000e+00,4.986405672947799572e-01,-6.342807699555281496e-07
4.447300000000002456e+02,-1.047197551196621390e-02,4.986405672947799572e-01,1.151284175995124755e-03
4.463840000000002419e+02,-2.094395102393153962e-02,4.986405672947799572e-01,2.303202628594330087e-03
4.480410000000002242e+02,-2.617993877991509066e-02,4.986405672947799572e-01,2.879477844841504992e-03
4.497010000000002492e+02,-3.665191429188086047e-02,4.986405672947799572e-01,4.031080868227642812e-03
4.513640000000002601e+02,-4.188790204786396743e-02,4.986405672947799572e-01,4.607354940285686255e-03
4.530300000000002569e+02,-4.712388980384663029e-02,5.026548245743669430e-01,5.183314158365850445e-03
4.546990000000002397e+02,-4.712388980384663029e-02,5.064945489287543401e-01,5.183627878423129054e-03
4.563710000000002651e+02,-4.712388980384663029e-02,5.105088062083413813e-01,5.183627878423129054e-03
4.580460000000002765e+02,-4.188790204786396743e-02,5.143485305627288895e-01,4.607981262676000452e-03
4.597240000000002738e+02,-3.665191429188086047e-02,5.183627878423158197e-01,4.032021867455050715e-03
4.614060000000002901e+02,-3.141592653589775352e-02,5.222025121967034389e-01,3.456062660061868207e-03
4.630910000000002924e+02,-2.094395102393153962e-02,5.262167694762902581e-01,2.304454990328675453e-03
4.647790000000002806e+02,-1.047197551196621390e-02,5.262167694762902581e-01,1.152536583401556460e-03
4.664700000000002547e+02,0.000000000000000000e+00,5.262167694762902581e-01,6.181803726072146464e-07
4.681640000000002715e+02,1.047197551196576981e-02,5.262167694762902581e-01,-1.151300218778699867e-03
4.698610000000002742e+02,1.570796326794887676e-02,5.262167694762902581e-01,-1.727567960194613004e-03
4.715610000000002628e+02,2.094395102393198371e-02,5.262167694762902581e-01,-2.303527155923417932e-03
4.732640000000002374e+02,2.094395102393198371e-02,5.262167694762902581e-01,-2.303834612632518330e-03
4.749700000000002547e+02,2.094395102393198371e-02,5.262167694762902581e-01,-2.303834612632518330e-03
4.766790000000002578e+02,2.094395102393198371e-02,5.262167694762902581e-01,-2.303834612632518330e-03
4.783910000000002469e+02,1.570796326794887676e-02,5.262167694762902581e-01,-1.728181264882888701e-03
4.801060000000002219e+02,5.235987755983551040e-03,5.262167694762902581e-01,-5.765681977165122837e-04
4.818240000000002397e+02,-5.235987755983551040e-03,5.262167694762902581e-01,5.753505244989591018e-04
4.835460000000002196e+02,-1.570796326794887676e-02,5.262167694762902581e-01,1.727268888430204524e-03
4.852710000000002424e+02,-2.617993877991509066e-02,5.262167694762902581e-01,2.879187248689273233e-03
4.869990000000002510e+02,-3.141592653589775352e-02,5.262167694762902581e-01,3.455449435542861519e-03
4.887300000000002456e+02,-4.188790204786396743e-02,5.262167694762902581e-01,4.607065305108638473e-03
4.904640000000002260e+02,-4.188790204786396743e-02,5.262167694762902581e-01,4.607669225265036660e-03
4.922010000000002492e+02,-4.188790204786396743e-02,5.300564938306778773e-01,4.607669225265036660e-03
4.939410000000002583e+02,-4.188790204786396743e-02,5.340707511102648075e-01,4.607669225265036660e-03
4.956840000000002533e+02,-4.188790204786396743e-02,5.379104754646523157e-01,4.607669225265036660e-03
4.974300000000002342e+02,-3.141592653589775352e-02,5.419247327442393569e-01,3.456351002216028010e-03
4.991780000000002246e+02,-2.617993877991509066e-02,5.457644570986268651e-01,2.880092294217615444e-03
5.009290000000002010e+02,-1.570796326794887676e-02,5.457644570986268651e-01,1.728472993426027849e-03
5.026830000000002201e+02,-5.235987755983551040e-03,5.457644570986268651e-01,5.765546677007042523e-04
5.044400000000002251e+02,5.235987755983551040e-03,5.457644570986268651e-01,-5.753636545495561172e-04
5.062000000000002160e+02,1.047197551196576981e-02,5.457644570986268651e-01,-1.151620313250098504e-03
5.079630000000001928e+02,1.570796326794887676e-02,5.457644570986268651e-01,-1.727579470926472651e-03
5.097290000000002124e+02,1.570796326794887676e-02,5.457644570986268651e-01,-1.727875959474376496e-03
5.114980000000002178e+02,1.570796326794887676e-02,5.457644570986268651e-01,-1.727875959474376496e-03
5.132700000000002092e+02,1.047197551196576981e-02,5.457644570986268651e-01,-1.152212291541923530e-03
5.150450000000001864e+02,0.000000000000000000e+00,5.457644570986268651e-01,-5.886439298463052076e-07
5.168240000000001828e+02,-1.047197551196621390e-02,5.457644570986268651e-01,1.151329653369483931e-03
5.186060000000002219e+02,-2.094395102393153962e-02,5.457644570986268651e-01,2.303247947337681411e-03
5.203910000000001901e+02,-3.141592653589775352e-02,5.457644570986268651e-01,3.455166237991707905e-03
5.221790000000002010e+02,-3.665191429188086047e-02,5.457644570986268651e-01,4.031418222148436953e-03
5.239700000000002547e+02,-4.712388980384663029e-02,5.457644570986268651e-01,5.183044156265271055e-03
5.257640000000002374e+02,-4.712388980384663029e-02,5.497787143782137953e-01,5.183627878423129054e-03
5.275620000000002392e+02,-4.712388980384663029e-02,5.536184387326013034e-01,5.183627878423129054e-03
5.293630000000002838e+02,-4.712388980384663029e-02,5.576326960121882337e-01,5.183627878423129054e-03
5.311670000000002574e+02,-4.188790204786396743e-02,5.616469532917752749e-01,4.607958986623973165e-03
5.329740000000002738e+02,-3.141592653589775352e-02,5.654866776461626721e-01,3.456330481131734359e-03
5.347840000000002192e+02,-2.094395102393153962e-02,5.695009349257497133e-01,2.304412217459384307e-03
5.365970000000002074e+02,-1.047197551196621390e-02,5.695009349257497133e-01,1.152493956950202333e-03
5.384130000000002383e+02,0.000000000000000000e+00,5.695009349257497133e-01,5.756995883433873035e-07
5.402320000000001983e+02,1.047197551196576981e-02,5.695009349257497133e-01,-1.151342554641593364e-03
5.420540000000002010e+02,1.570796326794887676e-02,5.695009349257497133e-01,-1.727589056035692440e-03
5.438790000000002465e+02,1.570796326794887676e-02,5.695009349257497133e-01,-1.727875959474376496e-03
5.457070000000002210e+02,1.570796326794887676e-02,5.695009349257497133e-01,-1.727875959474376496e-03
5.475380000000002383e+02,1.570796326794887676e-02,5.695009349257497133e-01,-1.727875959474376496e-03
5.493720000000001846e+02,1.047197551196576981e-02,5.695009349257497133e-01,-1.152202180514057435e-03
5.512100000000001501e+02,0.000000000000000000e+00,5.695009349257497133e-01,-5.688199626271467429e-07
5.530510000000001583e+02,-1.047197551196621390e-02,5.695009349257497133e-01,1.151349411765742892e-03
5.548950000000002092e+02,-2.094395102393153962e-02,5.695009349257497133e-01,2.303267640487803754e-03
5.567420000000001892e+02,-3.141592653589775352e-02,5.695009349257497133e-01,3.455185866218376915e-03
5.585920000000002119e+02,-4.188790204786396743e-02,5.695009349257497133e-01,4.607104088971891373e-03
5.604450000000001637e+02,-4.712388980384663029e-02,5.695009349257497133e-01,5.183345767013862807e-03
5.623010000000001583e+02,-4.712388980384663029e-02,5.733406592801373325e-01,5.183627878423129054e-03
5.641600000000001955e+02,-4.712388980384663029e-02,5.773549165597241517e-01,5.183627878423129054e-03
5.660220000000001619e+02,-4.712388980384663029e-02,5.811946409141116598e-01,5.183627878423129054e-03
5.678870000000001710e+02,-4.188790204786396743e-02,5.852088981936987011e-01,4.607949374422659616e-03
5.697560000000001992e+02,-3.141592653589775352e-02,5.890486225480862092e-01,3.456311319350033068e-03
5.716280000000001564e+02,-2.094395102393153962e-02,5.928883469024737174e-01,2.304393117993107105e-03
5.735030000000001564e+02,-1.047197551196621390e-02,5.928883469024737174e-01,1.152474622735227654e-03
5.753820000000001755e+02,5.235987755983551040e-03,5.928883469024737174e-01,-5.751244543654158341e-04
5.772650000000002137e+02,1.047197551196576981e-02,5.928883469024737174e-01,-1.151639682363107299e-03
5.791510000000001810e+02,1.570796326794887676e-02,5.928883469024737174e-01,-1.727598776427474508e-03
5.810400000000001910e+02,1.570796326794887676e-02,5.928883469024737174e-01,-1.727875959474376496e-03
5.829320000000002437e+02,1.570796326794887676e-02,5.928883469024737174e-01,-1.727875959474376496e-03
5.848270000000002256e+02,1.047197551196576981e-02,5.928883469024737174e-01,-1.152193175007277040e-03
5.867250000000002501e+02,5.235987755983551040e-03,5.928883469024737174e-01,-5.762340864962223067e-04
5.886260000000002037e+02,-5.235987755983551040e-03,5.928883469024737174e-01,5.754086544443266565e-04
5.905300000000002001e+02,-1.570796326794887676e-02,5.928883469024737174e-01,1.727326825991839978e-03
5.924370000000002392e+02,-2.617993877991509066e-02,5.928883469024737174e-01,2.879244994821447429e-03
5.943470000000002074e+02,-3.665191429188086047e-02,5.928883469024737174e-01,4.031163160945788748e-03
5.962600000000002183e+02,-4.188790204786396743e-02,5.928883469024737174e-01,4.607395948242281811e-03
5.981760000000002719e+02,-4.712388980384663029e-02,5.969026041820607587e-01,5.183355028618231650e-03
6.000950000000002547e+02,-4.712388980384663029e-02,6.009168614616476889e-01,5.183627878423129054e-03
6.020170000000002801e+02,-4.712388980384663029e-02,6.047565858160351970e-01,5.183627878423129054e-03
6.039420000000002346e+02,-4.712388980384663029e-02,6.087708430956221273e-01,5.183627878423129054e-03
6.058700000000002319e+02,-4.188790204786396743e-02,6.126105674500096354e-01,4.607940379473010779e-03
6.078010000000002719e+02,-3.665191429188086047e-02,6.166248247295965657e-01,4.031981305703377996e-03
6.097350000000002410e+02,-3.141592653589775352e-02,6.204645490839840738e-01,3.456022233236620122e-03
6.116720000000002528e+02,-2.094395102393153962e-02,6.244788063635711151e-01,2.304374405184632466e-03
6.136120000000003074e+02,-1.047197551196621390e-02,6.244788063635711151e-01,1.152456265426523262e-03
6.155550000000002910e+02,0.000000000000000000e+00,6.244788063635711151e-01,5.381282380249852776e-07
6.175010000000003174e+02,1.047197551196576981e-02,6.244788063635711151e-01,-1.151380281931005693e-03
6.194510000000003629e+02,2.094395102393198371e-02,6.244788063635711151e-01,-2.303298413169539878e-03
6.214040000000003374e+02,2.094395102393198371e-02,6.244788063635711151e-01,-2.303834612632518330e-03
6.233600000000003547e+02,2.094395102393198371e-02,6.244788063635711151e-01,-2.303834612632518330e-03
6.253190000000003010e+02,2.094395102393198371e-02,6.244788063635711151e-01,-2.303834612632518330e-03
6.272820000000002665e+02,2.094395102393198371e-02,6.244788063635711151e-01,-2.303834612632518330e-03
6.292480000000002747e+02,1.570796326794887676e-02,6.244788063635711151e-01,-1.728141880640246585e-03
6.312170000000003256e+02,1.047197551196576981e-02,6.244788063635711151e-01,-1.152182822936720580e-03
6.331890000000003056e+02,0.000000000000000000e+00,6.244788063635711151e-01,-5.302266082007984589e-07
6.351640000000003283e+02,-1.047197551196621390e-02,6.244788063635711151e-01,1.151387883894040452e-03
6.371420000000002801e+02,-2.094395102393153962e-02,6.244788063635711151e-01,2.303305991960486691e-03
6.391230000000002747e+02,-2.617993877991509066e-02,6.244788063635711151e-01,2.879529355117475386e-03
6.411070000000003120e+02,-3.665191429188086047e-02,6.244788063635711151e-01,4.031183547672473159e-03
6.430940000000002783e+02,-4.188790204786396743e-02,6.244788063635711151e-01,4.607406110302425702e-03
6.450840000000002874e+02,-4.712388980384663029e-02,6.283185307179586232e-01,5.183365159519165780e-03
6.470770000000003392e+02,-4.712388980384663029e-02,6.321582550723461313e-01,5.183627878423129054e-03
6.490730000000003201e+02,-4.712388980384663029e-02,6.361725123519331726e-01,5.183627878423129054e-03
6.510720000000003438e+02,-4.188790204786396743e-02,6.401867696315199918e-01,4.607930763114985798e-03
6.530740000000002965e+02,-3.665191429188086047e-02,6.440264939859076110e-01,4.031971718628389947e-03
6.550790000000002919e+02,-3.141592653589775352e-02,6.480407512654946522e-01,3.456012675311102237e-03
6.570870000000003301e+02,-2.094395102393153962e-02,6.518804756198820494e-01,2.304355347367027622e-03
6.590980000000002974e+02,-1.047197551196621390e-02,6.518804756198820494e-01,1.152437265378446294e-03
6.611120000000003074e+02,0.000000000000000000e+00,6.518804756198820494e-01,5.191856971723458339e-07
6.631290000000003602e+02,1.047197551196576981e-02,6.518804756198820494e-01,-1.151398891686929464e-03
6.651490000000003420e+02,1.570796326794887676e-02,6.518804756198820494e-01,-1.727617136550205256e-03
6.671720000000003665e+02,2.094395102393198371e-02,6.518804756198820494e-01,-2.303576172960456175e-03
6.691980000000003201e+02,2.094395102393198371e-02,6.518804756198820494e-01,-2.303834612632518330e-03
6.712280000000002929e+02,2.094395102393198371e-02,6.518804756198820494e-01,-2.303834612632518330e-03
6.732610000000003083e+02,2.094395102393198371e-02,6.518804756198820494e-01,-2.303834612632518330e-03
6.752970000000002528e+02,1.570796326794887676e-02,6.518804756198820494e-01,-1.728132751419250669e-03
6.773360000000002401e+02,5.235987755983551040e-03,6.518804756198820494e-01,-5.764714825172486540e-04
6.793780000000002701e+02,-5.235987755983551040e-03,6.518804756198820494e-01,5.754465761160406896e-04
6.814230000000002292e+02,-1.570796326794887676e-02,6.518804756198820494e-01,1.727364632545081097e-03
6.834710000000002310e+02,-2.094395102393153962e-02,6.518804756198820494e-01,2.303579323127058140e-03
6.855220000000002756e+02,-3.141592653589775352e-02,6.518804756198820494e-01,3.455242085671636747e-03
6.875760000000002492e+02,-3.665191429188086047e-02,6.518804756198820494e-01,4.031456027247586234e-03
6.896330000000002656e+02,-4.188790204786396743e-02,6.518804756198820494e-01,4.607415051102125257e-03
6.916930000000002110e+02,-4.188790204786396743e-02,6.558947328994689796e-01,4.607669225265036660e-03
6.937560000000001992e+02,-4.188790204786396743e-02,6.597344572538564877e-01,4.607669225265036660e-03
6.958220000000002301e+02,-4.188790204786396743e-02,6.637487145334435290e-01,4.607669225265036660e-03
6.978910000000001901e+02,-3.141592653589775352e-02,6.675884388878310371e-01,3.456257323172303494e-03
6.999630000000001928e+02,-2.617993877991509066e-02,6.714281632422185453e-01,2.880045602549984648e-03
7.020380000000002383e+02,-1.570796326794887676e-02,6.714281632422185453e-01,1.728379904397955337e-03
7.041160000000002128e+02,-5.235987755983551040e-03,6.714281632422185453e-01,5.764618715874055563e-04
7.061970000000002301e+02,5.235987755983551040e-03,6.714281632422185453e-01,-5.754561591317046811e-04
7.082810000000001764e+02,1.047197551196576981e-02,6.714281632422185453e-01,-1.151666420463049118e-03
7.103680000000001655e+02,1.570796326794887676e-02,6.714281632422185453e-01,-1.727625433744425136e-03
7.124580000000001974e+02,1.570796326794887676e-02,6.714281632422185453e-01,-1.727875959474376496e-03
7.145510000000001583e+02,1.570796326794887676e-02,6.714281632422185453e-01,-1.727875959474376496e-03
7.166470000000001619e+02,1.047197551196576981e-02,6.714281632422185453e-01,-1.152166757852965753e-03
7.187460000000002083e+02,0.000000000000000000e+00,6.714281632422185453e-01,-4.981910329193991286e-07
7.208480000000001837e+02,-1.047197551196621390e-02,6.714281632422185453e-01,1.151420061515145412e-03
7.229540000000001783e+02,-2.094395102393153962e-02,6.714281632422185453e-01,2.303338075149682744e-03
7.250630000000002156e+02,-3.141592653589775352e-02,6.714281632422185453e-01,3.455256086774890524e-03
7.271750000000001819e+02,-4.188790204786396743e-02,6.714281632422185453e-01,4.607174096399222277e-03
7.292900000000001910e+02,-4.712388980384663029e-02,6.714281632422185453e-01,5.183380781313360816e-03
7.314090000000002192e+02,-4.712388980384663029e-02,6.754424205218055866e-01,5.183627878423129054e-03
7.335310000000001764e+02,-4.712388980384663029e-02,6.794566778013925168e-01,5.183627878423129054e-03
7.356560000000001764e+02,-4.712388980384663029e-02,6.832964021557799139e-01,5.183627878423129054e-03
7.377840000000002192e+02,-4.188790204786396743e-02,6.873106594353670662e-01,4.607914930931671441e-03
7.399150000000001910e+02,-3.141592653589775352e-02,6.911503837897545743e-01,3.456242639450719800e-03
7.420490000000002055e+02,-2.094395102393153962e-02,6.951646410693415046e-01,2.304324644242762826e-03
7.441860000000001492e+02,-1.047197551196621390e-02,6.951646410693415046e-01,1.152406650966375122e-03
7.463260000000001355e+02,0.000000000000000000e+00,6.951646410693415046e-01,4.886596132508732740e-07
7.484690000000001646e+02,1.047197551196576981e-02,6.951646410693415046e-01,-1.151429329824530789e-03
7.506150000000001228e+02,1.570796326794887676e-02,6.951646410693415046e-01,-1.727632311835661455e-03
7.527640000000001237e+02,2.094395102393198371e-02,6.951646410693415046e-01,-2.303591304651292707e-03
7.549160000000001673e+02,2.094395102393198371e-02,6.951646410693415046e-01,-2.303834612632518330e-03
7.570710000000001401e+02,1.570796326794887676e-02,6.951646410693415046e-01,-1.728118590973727045e-03
7.592290000000001555e+02,1.047197551196576981e-02,6.951646410693415046e-01,-1.152159600983332583e-03
7.613900000000001000e+02,0.000000000000000000e+00,6.951646410693415046e-01,-4.839175375215234999e-07
7.635540000000000873e+02,-1.047197551196621390e-02,6.951646410693415046e-01,1.151434281615547079e-03
7.657220000000000937e+02,-2.094395102393153962e-02,6.951646410693415046e-01,2.303352255400227706e-03
7.678930000000001428e+02,-3.141592653589775352e-02,6.951646410693415046e-01,3.455270227342866624e-03
7.700670000000001210e+02,-4.188790204786396743e-02,6.951646410693415046e-01,4.607188197450981688e-03
7.722440000000001419e+02,-4.712388980384663029e-02,6.951646410693415046e-01,5.183387695498542676e-03
7.744240000000000919e+02,-4.712388980384663029e-02,6.990043654237289017e-01,5.183627878423129054e-03
7.766080000000000609e+02,-4.712388980384663029e-02,7.030186227033159430e-01,5.183627878423129054e-03
7.787960000000000491e+02,-4.188790204786396743e-02,7.068583470577034511e-01,4.607908311463939678e-03
7.809860000000001037e+02,-3.665191429188086047e-02,7.106980714120909592e-01,4.031949331238494916e-03
7.831790000000000873e+02,-3.141592653589775352e-02,7.147123286916778895e-01,3.455990351906675605e-03
7.853750000000001137e+02,-2.094395102393153962e-02,7.187265859712648197e-01,2.304310827980899073e-03
7.875740000000000691e+02,-1.047197551196621390e-02,7.187265859712648197e-01,1.152392656997716126e-03
7.897770000000000437e+02,0.000000000000000000e+00,7.187265859712648197e-01,4.747042389830559598e-07
7.919830000000000609e+02,1.047197551196576981e-02,7.187265859712648197e-01,-1.151443246763859604e-03
7.941920000000000073e+02,1.047197551196576981e-02,7.187265859712648197e-01,-1.151917306316234662e-03
7.964039999999999964e+02,1.570796326794887676e-02,7.187265859712648197e-01,-1.727639571765302853e-03
7.986190000000000282e+02,1.570796326794887676e-02,7.187265859712648197e-01,-1.727875959474376496e-03
8.008369999999999891e+02,1.047197551196576981e-02,7.187265859712648197e-01,-1.152153055427265153e-03
8.030579999999999927e+02,5.235987755983551040e-03,7.187265859712648197e-01,-5.761940842623265334e-04
8.052820000000000391e+02,-5.235987755983551040e-03,7.187265859712648197e-01,5.754884252501544020e-04
8.075090000000000146e+02,-1.570796326794887676e-02,7.187265859712648197e-01,1.727406364159938873e-03
8.097390000000000327e+02,-2.617993877991509066e-02,7.187265859712648197e-01,2.879324511291467444e-03
8.119730000000000700e+02,-3.665191429188086047e-02,7.187265859712648197e-01,4.031242446245832806e-03
8.142100000000000364e+02,-4.188790204786396743e-02,7.187265859712648197e-01,4.607435475811643560e-03
8.164500000000000455e+02,-4.712388980384663029e-02,7.225663103256524389e-01,5.183394441608328920e-03
8.186930000000000973e+02,-4.712388980384663029e-02,7.265805676052394801e-01,5.183627878423129054e-03
8.209390000000000782e+02,-4.712388980384663029e-02,7.304202919596268773e-01,5.183627878423129054e-03
8.231880000000001019e+02,-4.712388980384663029e-02,7.344345492392138075e-01,5.183627878423129054e-03
8.254400000000000546e+02,-4.188790204786396743e-02,7.382742735936014267e-01,4.607901419844014773e-03
8.276950000000000500e+02,-3.665191429188086047e-02,7.422885308731882459e-01,4.031942458189976576e-03
8.299530000000000882e+02,-2.617993877991509066e-02,7.461282552275758650e-01,2.880256217846891877e-03
8.322150000000000318e+02,-1.570796326794887676e-02,7.499679795819633732e-01,1.728338298349077267e-03
8.344800000000000182e+02,-5.235987755983551040e-03,7.499679795819633732e-01,5.764203804735331185e-04
8.367480000000000473e+02,5.235987755983551040e-03,7.499679795819633732e-01,-5.754975357864615393e-04
8.390190000000000055e+02,1.047197551196576981e-02,7.499679795819633732e-01,-1.151687051797502031e-03
8.412930000000000064e+02,2.094395102393198371e-02,7.499679795819633732e-01,-2.303374710326327665e-03
8.435700000000000500e+02,2.094395102393198371e-02,7.499679795819633732e-01,-2.303834612632518330e-03
8.458500000000000227e+02,2.094395102393198371e-02,7.499679795819633732e-01,-2.303834612632518330e-03
8.481330000000000382e+02,2.094395102393198371e-02,7.499679795819633732e-01,-2.303834612632518330e-03
8.504189999999999827e+02,2.094395102393198371e-02,7.499679795819633732e-01,-2.303834612632518330e-03
8.527079999999999700e+02,1.570796326794887676e-02,7.499679795819633732e-01,-1.728104306083882904e-03
8.550009999999999764e+02,1.047197551196576981e-02,7.499679795819633732e-01,-1.152145354563446781e-03
8.572970000000000255e+02,0.000000000000000000e+00,7.499679795819633732e-01,-4.555013271842440311e-07
8.595960000000000036e+02,-1.047197551196621390e-02,7.499679795819633732e-01,1.151462398605077346e-03
8.618980000000000246e+02,-2.094395102393153962e-02,7.499679795819633732e-01,2.303380296992037137e-03
8.642029999999999745e+02,-3.141592653589775352e-02,7.499679795819633732e-01,3.455298193839915783e-03
8.665109999999999673e+02,-3.665191429188086047e-02,7.499679795819633732e-01,4.031484004051680975e-03
8.688220000000000027e+02,-4.188790204786396743e-02,7.499679795819633732e-01,4.607443048688104024e-03
8.711370000000000573e+02,-4.712388980384663029e-02,7.539822368615503034e-01,5.183401994568254817e-03
8.734550000000000409e+02,-4.712388980384663029e-02,7.579964941411372337e-01,5.183627878423129054e-03
8.757760000000000673e+02,-4.712388980384663029e-02,7.618362184955248528e-01,5.183627878423129054e-03
8.781000000000000227e+02,-4.188790204786396743e-02,7.658504757751117831e-01,4.607894235482311134e-03
8.804270000000000209e+02,-3.665191429188086047e-02,7.696902001294992912e-01,4.031935292611443268e-03
8.827570000000000618e+02,-2.617993877991509066e-02,7.737044574090862215e-01,2.880242128864469314e-03
8.850900000000000318e+02,-2.094395102393153962e-02,7.775441817634738406e-01,2.304058755943941012e-03
8.874260000000000446e+02,-5.235987755983551040e-03,7.775441817634738406e-01,5.766299336397268886e-04
8.897660000000000764e+02,5.235987755983551040e-03,7.775441817634738406e-01,-5.755117058465403007e-04
8.921090000000000373e+02,1.570796326794887676e-02,7.775441817634738406e-01,-1.727429583706602961e-03
8.944550000000000409e+02,2.094395102393198371e-02,7.775441817634738406e-01,-2.303611709790628730e-03
8.968040000000000873e+02,2.094395102393198371e-02,7.775441817634738406e-01,-2.303834612632518330e-03
8.991560000000000628e+02,2.094395102393198371e-02,7.775441817634738406e-01,-2.303834612632518330e-03
9.015110000000000809e+02,2.094395102393198371e-02,7.775441817634738406e-01,-2.303834612632518330e-03
9.038690000000000282e+02,1.570796326794887676e-02,7.775441817634738406e-01,-1.728097729392037490e-03
9.062300000000000182e+02,1.047197551196576981e-02,7.775441817634738406e-01,-1.152138794799990613e-03
9.085940000000000509e+02,0.000000000000000000e+00,7.775441817634738406e-01,-4.424155264877807942e-07
9.109610000000000127e+02,-1.047197551196621390e-02,7.775441817634738406e-01,1.151475450809449344e-03
9.133310000000000173e+02,-2.094395102393153962e-02,7.775441817634738406e-01,2.303393315729310251e-03
9.157040000000000646e+02,-3.141592653589775352e-02,7.775441817634738406e-01,3.455311364657126516e-03
9.180810000000000173e+02,-3.665191429188086047e-02,7.775441817634738406e-01,4.031490572621349196e-03
9.204610000000000127e+02,-4.188790204786396743e-02,7.775441817634738406e-01,4.607449502740655969e-03
9.228440000000000509e+02,-4.188790204786396743e-02,7.815584390430607709e-01,4.607669225265036660e-03
9.252300000000000182e+02,-4.188790204786396743e-02,7.853981633974482790e-01,4.607669225265036660e-03
9.276190000000000282e+02,-4.188790204786396743e-02,7.892378877518358982e-01,4.607669225265036660e-03
9.300110000000000809e+02,-3.141592653589775352e-02,7.932521450314228284e-01,3.456189162185160403e-03
9.324060000000000628e+02,-2.617993877991509066e-02,7.972664023110097586e-01,2.880011613903920350e-03
9.348040000000000873e+02,-1.570796326794887676e-02,7.972664023110097586e-01,1.728312110057965206e-03
9.372050000000000409e+02,0.000000000000000000e+00,7.972664023110097586e-01,6.531377658190800424e-07
9.396100000000000136e+02,5.235987755983551040e-03,7.972664023110097586e-01,-5.757412118061980711e-04
9.420180000000000291e+02,1.047197551196576981e-02,7.972664023110097586e-01,-1.151700135525857973e-03
9.444289999999999736e+02,1.570796326794887676e-02,7.972664023110097586e-01,-1.727659058573134503e-03
9.468429999999999609e+02,1.570796326794887676e-02,7.972664023110097586e-01,-1.727875959474376496e-03
9.492609999999999673e+02,1.570796326794887676e-02,7.972664023110097586e-01,-1.727875959474376496e-03
9.516820000000000164e+02,5.235987755983551040e-03,7.972664023110097586e-01,-5.763906653492782521e-04
9.541059999999999945e+02,-5.235987755983551040e-03,7.972664023110097586e-01,5.755271749747557612e-04
9.565330000000000155e+02,-1.570796326794887676e-02,7.972664023110097586e-01,1.727445013980056891e-03
9.589629999999999654e+02,-2.617993877991509066e-02,7.972664023110097586e-01,2.879362851671796349e-03
9.613959999999999582e+02,-3.665191429188086047e-02,7.972664023110097586e-01,4.031280688054679137e-03
9.638319999999999936e+02,-4.188790204786396743e-02,7.972664023110097586e-01,4.607454547620264650e-03
9.662709999999999582e+02,-4.712388980384663029e-02,8.011061266653972668e-01,5.183413464510107892e-03
9.687129999999999654e+02,-5.235987755982973724e-02,8.051203839449841970e-01,5.759372380752805602e-03
9.711580000000000155e+02,-5.235987755982973724e-02,8.089601082993718162e-01,5.759586531581270888e-03
9.736059999999999945e+02,-4.712388980384663029e-02,8.129743655789586354e-01,5.183841417891154636e-03
9.760579999999999927e+02,-4.188790204786396743e-02,8.168140899333461435e-01,4.607882503788702372e-03
9.785130000000000337e+02,-3.665191429188086047e-02,8.208283472129331848e-01,4.031923590323167710e-03
9.809710000000000036e+02,-2.617993877991509066e-02,8.246680715673206929e-01,2.880218782877696625e-03
9.834320000000000164e+02,-1.570796326794887676e-02,8.285077959217080901e-01,1.728300958480543954e-03
9.858960000000000719e+02,0.000000000000000000e+00,8.285077959217080901e-01,6.364652863836661481e-07
9.883640000000000327e+02,1.047197551196576981e-02,8.285077959217080901e-01,-1.151493511273257416e-03
9.908350000000000364e+02,1.570796326794887676e-02,8.285077959217080901e-01,-1.727664318902186408e-03
9.933090000000000828e+02,2.094395102393198371e-02,8.285077959217080901e-01,-2.303623228387222197e-03
9.957860000000000582e+02,2.094395102393198371e-02,8.285077959217080901e-01,-2.303834612632518330e-03
9.982660000000000764e+02,2.094395102393198371e-02,8.285077959217080901e-01,-2.303834612632518330e-03
1.000749000000000024e+03,1.570796326794887676e-02,8.285077959217080901e-01,-1.728086578450884186e-03
1.003235000000000014e+03,1.047197551196576981e-02,8.285077959217080901e-01,-1.152127671432987737e-03
1.005724000000000046e+03,0.000000000000000000e+00,8.285077959217080901e-01,-4.202237364352235674e-07
1.008216000000000008e+03,-1.570796326794887676e-02,8.285077959217080901e-01,1.727246634022936139e-03
1.010711999999999989e+03,-2.617993877991509066e-02,8.285077959217080901e-01,2.879374219151526002e-03
1.013211000000000013e+03,-3.665191429188086047e-02,8.285077959217080901e-01,4.031292027921764415e-03
1.015712999999999965e+03,-4.188790204786396743e-02,8.285077959217080901e-01,4.607460203797732017e-03
1.018217999999999961e+03,-4.712388980384663029e-02,8.325220532012952424e-01,5.183419106981502524e-03
1.020725999999999999e+03,-4.712388980384663029e-02,8.365363104808821726e-01,5.183627878423129054e-03
1.023236999999999966e+03,-4.712388980384663029e-02,8.403760348352695697e-01,5.183627878423129054e-03
1.025750999999999976e+03,-4.188790204786396743e-02,8.443902921148566110e-01,4.607877250205679766e-03
1.028268000000000029e+03,-3.665191429188086047e-02,8.482300164692442301e-01,4.031918349398798743e-03
1.030788000000000011e+03,-3.141592653589775352e-02,8.522442737488311604e-01,3.455959449180856340e-03
1.033310999999999922e+03,-2.094395102393153962e-02,8.560839981032185575e-01,2.304249180150757560e-03
1.035836999999999989e+03,-1.047197551196621390e-02,8.560839981032185575e-01,1.152331382058156524e-03
1.038365999999999985e+03,0.000000000000000000e+00,8.560839981032185575e-01,4.134218520318285338e-07
1.040898999999999887e+03,1.047197551196576981e-02,8.560839981032185575e-01,-1.151504373527907849e-03
1.043434999999999945e+03,1.570796326794887676e-02,8.560839981032185575e-01,-1.727669737034203887e-03
1.045973999999999933e+03,1.570796326794887676e-02,8.560839981032185575e-01,-1.727875959474376496e-03
1.048515999999999849e+03,1.570796326794887676e-02,8.560839981032185575e-01,-1.727875959474376496e-03
1.051060999999999922e+03,1.570796326794887676e-02,8.560839981032185575e-01,-1.727875959474376496e-03
1.053608999999999924e+03,1.047197551196576981e-02,8.560839981032185575e-01,-1.152122478250246478e-03
1.056160999999999831e+03,5.235987755983551040e-03,8.560839981032185575e-01,-5.761635841858219831e-04
1.058715999999999894e+03,-5.235987755983551040e-03,8.560839981032185575e-01,5.755492717855570199e-04
1.061273999999999887e+03,-1.570796326794887676e-02,8.560839981032185575e-01,1.727467057658212297e-03
1.063834999999999809e+03,-2.617993877991509066e-02,8.560839981032185575e-01,2.879384842408758659e-03
1.066398999999999887e+03,-3.665191429188086047e-02,8.560839981032185575e-01,4.031302626040982572e-03
1.068965999999999894e+03,-4.188790204786396743e-02,8.560839981032185575e-01,4.607465490332897373e-03
1.071535999999999831e+03,-4.712388980384663029e-02,8.600982553828055988e-01,5.183424460095390450e-03
1.074109999999999900e+03,-4.712388980384663029e-02,8.639379797371932179e-01,5.183627878423129054e-03
1.076686999999999898e+03,-5.235987755982973724e-02,8.677777040915806150e-01,5.759383586319411288e-03
1.079266999999999825e+03,-5.235987755982973724e-02,8.717919613711676563e-01,5.759586531581270888e-03
1.081849999999999909e+03,-4.712388980384663029e-02,8.758062186507545865e-01,5.183830352814311135e-03
1.084435999999999922e+03,-4.188790204786396743e-02,8.796459430051419837e-01,4.607871465039312109e-03
1.087024999999999864e+03,-4.188790204786396743e-02,8.836602002847290249e-01,4.607669225265036660e-03
1.089616999999999962e+03,-3.141592653589775352e-02,8.874999246391166441e-01,3.456155463284474837e-03
1.092211999999999989e+03,-2.617993877991509066e-02,8.915141819187033523e-01,2.879994804965255346e-03
1.094809999999999945e+03,-1.570796326794887676e-02,8.915141819187033523e-01,1.728278572911975865e-03
1.097411000000000058e+03,-5.235987755983551040e-03,8.915141819187033523e-01,5.763608027554243535e-04
1.100015000000000100e+03,5.235987755983551040e-03,8.915141819187033523e-01,-5.755569663337960391e-04
1.102622000000000071e+03,1.570796326794887676e-02,8.915141819187033523e-01,-1.727474888026196958e-03
1.105233000000000175e+03,2.094395102393198371e-02,8.915141819187033523e-01,-2.303634307056543536e-03
1.107847000000000207e+03,2.094395102393198371e-02,8.915141819187033523e-01,-2.303834612632518330e-03
1.110464000000000169e+03,2.094395102393198371e-02,8.915141819187033523e-01,-2.303834612632518330e-03
1.113084000000000060e+03,2.094395102393198371e-02,8.915141819187033523e-01,-2.303834612632518330e-03
1.115707000000000107e+03,2.094395102393198371e-02,8.915141819187033523e-01,-2.303834612632518330e-03
1.118333000000000084e+03,1.047197551196576981e-02,8.915141819187033523e-01,-1.152315631744609209e-03
1.120961999999999989e+03,0.000000000000000000e+00,8.915141819187033523e-01,-3.977203004924333177e-07
1.123595000000000027e+03,-1.047197551196621390e-02,8.915141819187033523e-01,1.151520038656497118e-03
1.126230999999999995e+03,-2.094395102393153962e-02,8.915141819187033523e-01,2.303437796584270527e-03
1.128869999999999891e+03,-2.617993877991509066e-02,8.915141819187033523e-01,2.879595083059547939e-03
1.131511999999999944e+03,-3.665191429188086047e-02,8.915141819187033523e-01,4.031314656208521800e-03
1.134156999999999925e+03,-4.188790204786396743e-02,8.915141819187033523e-01,4.607471491588450638e-03
1.136804999999999836e+03,-4.188790204786396743e-02,8.953539062730909714e-01,4.607669225265036660e-03
1.139455999999999904e+03,-4.188790204786396743e-02,8.993681635526780127e-01,4.607669225265036660e-03
1.142109999999999900e+03,-4.188790204786396743e-02,9.032078879070654098e-01,4.607669225265036660e-03
1.144766999999999825e+03,-3.665191429188086047e-02,9.070476122614530290e-01,4.031907413751856933e-03
1.147426999999999907e+03,-3.141592653589775352e-02,9.110618695410400703e-01,3.455948538841954916e-03
1.150089999999999918e+03,-2.094395102393153962e-02,9.150761268206270005e-01,2.304227409913488407e-03
1.152755999999999858e+03,-1.570796326794887676e-02,9.150761268206270005e-01,1.728072137359576389e-03
1.155424999999999955e+03,-5.235987755983551040e-03,9.150761268206270005e-01,5.763505684093869373e-04
1.158096999999999980e+03,5.235987755983551040e-03,9.150761268206270005e-01,-5.755671774381170697e-04
1.160771999999999935e+03,1.047197551196576981e-02,9.150761268206270005e-01,-1.151721787729379420e-03
1.163450000000000045e+03,1.570796326794887676e-02,9.150761268206270005e-01,-1.727680659669976080e-03
1.166131000000000085e+03,1.570796326794887676e-02,9.150761268206270005e-01,-1.727875959474376496e-03
1.168815000000000055e+03,1.570796326794887676e-02,9.150761268206270005e-01,-1.727875959474376496e-03
1.171503000000000156e+03,1.047197551196576981e-02,9.150761268206270005e-01,-1.152111880368853923e-03
1.174194000000000187e+03,0.000000000000000000e+00,9.150761268206270005e-01,-3.887147554552996197e-07
1.176888000000000147e+03,-1.047197551196621390e-02,9.150761268206270005e-01,1.151529023946540591e-03
1.179585000000000036e+03,-2.094395102393153962e-02,9.150761268206270005e-01,2.303446761687581723e-03
1.182285000000000082e+03,-3.141592653589775352e-02,9.150761268206270005e-01,3.455364498471062869e-03
1.184988000000000056e+03,-4.188790204786396743e-02,9.150761268206270005e-01,4.607282234300071402e-03
1.187693999999999960e+03,-4.712388980384663029e-02,9.150761268206270005e-01,5.183434668542834592e-03
1.190403999999999996e+03,-4.712388980384663029e-02,9.189158511750143976e-01,5.183627878423129054e-03
1.193116999999999962e+03,-4.712388980384663029e-02,9.229301084546015499e-01,5.183627878423129054e-03
1.195832999999999856e+03,-4.712388980384663029e-02,9.267698328089889470e-01,5.183627878423129054e-03
1.198551999999999907e+03,-4.712388980384663029e-02,9.307840900885758773e-01,5.183627878423129054e-03
1.201273999999999887e+03,-4.188790204786396743e-02,9.346238144429633854e-01,4.607861371604705762e-03
1.203998999999999796e+03,-3.141592653589775352e-02,9.386380717225505377e-01,3.456135789018840217e-03
1.206726999999999862e+03,-2.094395102393153962e-02,9.424777960769379348e-01,2.304218061021775978e-03
1.209457999999999856e+03,-1.047197551196621390e-02,9.424777960769379348e-01,1.152300333950225311e-03
1.212191999999999780e+03,0.000000000000000000e+00,9.424777960769379348e-01,3.826078009487107522e-07
1.214928999999999860e+03,1.047197551196576981e-02,9.424777960769379348e-01,-1.151535117428936555e-03
1.217668999999999869e+03,1.570796326794887676e-02,9.424777960769379348e-01,-1.727685074029389894e-03
1.220411999999999807e+03,2.094395102393198371e-02,9.424777960769379348e-01,-2.303643935729533104e-03
1.223157999999999902e+03,2.094395102393198371e-02,9.424777960769379348e-01,-2.303834612632518330e-03
1.225906999999999925e+03,2.094395102393198371e-02,9.424777960769379348e-01,-2.303834612632518330e-03
1.228658999999999878e+03,1.570796326794887676e-02,9.424777960769379348e-01,-1.728066013476408681e-03
1.231413999999999987e+03,5.235987755983551040e-03,9.424777960769379348e-01,-5.763383477017715870e-04
1.234172000000000025e+03,-5.235987755983551040e-03,9.424777960769379348e-01,5.755793711765910901e-04
1.236932999999999993e+03,-2.094395102393153962e-02,9.424777960769379348e-01,2.303266512695111186e-03
1.239698000000000093e+03,-3.141592653589775352e-02,9.424777960769379348e-01,3.455373596134014413e-03
1.242466000000000122e+03,-4.188790204786396743e-02,9.424777960769379348e-01,4.607291312038333010e-03
1.245237000000000080e+03,-4.712388980384663029e-02,9.424777960769379348e-01,5.183439126160836741e-03
1.248010999999999967e+03,-5.235987755982973724e-02,9.463175204313254429e-01,5.759397983228516267e-03
1.250788000000000011e+03,-5.235987755982973724e-02,9.503317777109125952e-01,5.759586531581270888e-03
1.253567999999999984e+03,-5.235987755982973724e-02,9.543460349904993034e-01,5.759586531581270888e-03
1.256350999999999885e+03,-5.235987755982973724e-02,9.581857593448869226e-01,5.759586531581270888e-03
1.259137999999999920e+03,-4.712388980384663029e-02,9.622000166244739638e-01,5.183815548235171274e-03
1.261927999999999884e+03,-3.665191429188086047e-02,9.660397409788613610e-01,4.032085508573488367e-03
1.264720999999999776e+03,-2.617993877991509066e-02,9.700539982584482912e-01,2.880167799964908001e-03
1.267516999999999825e+03,-1.570796326794887676e-02,9.738937226128357993e-01,1.728250225932988649e-03
1.270314999999999827e+03,-5.235987755983551040e-03,9.738937226128357993e-01,5.763323853320652303e-04
1.273116999999999734e+03,5.235987755983551040e-03,9.738937226128357993e-01,-5.755853206978709139e-04
1.275921999999999798e+03,1.047197551196576981e-02,9.738937226128357993e-01,-1.151730839515807681e-03
1.278729999999999791e+03,1.570796326794887676e-02,9.738937226128357993e-01,-1.727689691678005804e-03
1.281540999999999713e+03,1.570796326794887676e-02,9.738937226128357993e-01,-1.727875959474376496e-03
1.284354999999999791e+03,1.570796326794887676e-02,9.738937226128357993e-01,-1.727875959474376496e-03
1.287171999999999798e+03,1.570796326794887676e-02,9.738937226128357993e-01,-1.727875959474376496e-03
1.289991999999999734e+03,1.047197551196576981e-02,9.738937226128357993e-01,-1.152102782326010948e-03
1.292814999999999827e+03,0.000000000000000000e+00,9.738937226128357993e-01,-3.705582275996380009e-07
1.295640999999999849e+03,-1.047197551196621390e-02,9.738937226128357993e-01,1.151547141045446967e-03
1.298469999999999800e+03,-2.094395102393153962e-02,9.738937226128357993e-01,2.303464839485860460e-03
1.301301999999999907e+03,-3.141592653589775352e-02,9.738937226128357993e-01,3.455382537096479169e-03
1.304136999999999944e+03,-4.188790204786396743e-02,9.738937226128357993e-01,4.607300233879837309e-03
1.306974999999999909e+03,-4.712388980384663029e-02,9.738937226128357993e-01,5.183443642400750902e-03
1.309817000000000007e+03,-5.235987755982973724e-02,9.779079798924227296e-01,5.759402489832379790e-03
1.312662000000000035e+03,-5.759586531581284419e-02,9.817477042468103487e-01,6.335361336854723226e-03
1.315509999999999991e+03,-5.759586531581284419e-02,9.855874286011978569e-01,6.335545184739412722e-03
1.318361000000000104e+03,-5.759586531581284419e-02,9.896016858807847871e-01,6.335545184739412722e-03
1.321215000000000146e+03,-5.235987755982973724e-02,9.936159431603717174e-01,5.759769800316167157e-03
1.324072000000000116e+03,-5.235987755982973724e-02,9.974556675147593365e-01,5.759586531581270888e-03
1.326932000000000016e+03,-4.188790204786396743e-02,1.001469924794346378e+00,4.608034994580857344e-03
1.329795000000000073e+03,-3.665191429188086047e-02,1.005309649148733886e+00,4.031893265329364318e-03
1.332661000000000058e+03,-2.617993877991509066e-02,1.009323906428320816e+00,2.880158270165423737e-03
1.335529999999999973e+03,-2.094395102393153962e-02,1.013163630782708324e+00,2.304016924183862128e-03
1.338402000000000044e+03,-5.235987755983551040e-03,1.013163630782708324e+00,5.765050170979453981e-04
1.341277000000000044e+03,0.000000000000000000e+00,1.013163630782708324e+00,1.819314717158982487e-07
1.344154999999999973e+03,1.047197551196576981e-02,1.013163630782708324e+00,-1.151553948387297552e-03
1.347037000000000035e+03,1.570796326794887676e-02,1.013163630782708324e+00,-1.727694469430841309e-03
1.349922000000000025e+03,1.570796326794887676e-02,1.013163630782708324e+00,-1.727875959474376496e-03
1.352808999999999969e+03,1.570796326794887676e-02,1.013163630782708324e+00,-1.727875959474376496e-03
1.355699000000000069e+03,1.570796326794887676e-02,1.013163630782708324e+00,-1.727875959474376496e-03
1.358592000000000098e+03,1.047197551196576981e-02,1.013163630782708324e+00,-1.152098106998416475e-03
1.361488000000000056e+03,5.235987755983551040e-03,1.013163630782708324e+00,-5.761392044601211775e-04
1.364388000000000147e+03,-5.235987755983551040e-03,1.013163630782708324e+00,5.755979237227112346e-04
1.367291000000000167e+03,-1.570796326794887676e-02,1.013163630782708324e+00,1.727515602436800312e-03
1.370197000000000116e+03,-2.617993877991509066e-02,1.013163630782708324e+00,2.879433280382892504e-03
1.373106000000000222e+03,-3.665191429188086047e-02,1.013163630782708324e+00,4.031350957563214869e-03
1.376018000000000256e+03,-4.712388980384663029e-02,1.013163630782708324e+00,5.183268633980179542e-03
1.378933000000000220e+03,-5.235987755982973724e-02,1.017177888062295255e+00,5.759407094029661035e-03
1.381851000000000113e+03,-5.235987755982973724e-02,1.021017612416682763e+00,5.759586531581270888e-03
1.384772000000000162e+03,-5.759586531581284419e-02,1.024857336771070271e+00,6.335366115390713738e-03
1.387696000000000140e+03,-5.759586531581284419e-02,1.028871594050657201e+00,6.335545184739412722e-03
1.390623000000000047e+03,-5.759586531581284419e-02,1.032885851330244131e+00,6.335545184739412722e-03
1.393553000000000111e+03,-5.759586531581284419e-02,1.036725575684631639e+00,6.335545184739412722e-03
1.396485000000000127e+03,-5.235987755982973724e-02,1.040739832964218570e+00,5.759764929801236555e-03
1.399420000000000073e+03,-4.712388980384663029e-02,1.044579557318606300e+00,5.183806094480173689e-03
1.402358000000000175e+03,-4.188790204786396743e-02,1.048593814598193230e+00,4.607847259530796144e-03
1.405299000000000206e+03,-3.665191429188086047e-02,1.052433538952580516e+00,4.031888424951867063e-03
1.408243000000000166e+03,-2.617993877991509066e-02,1.056447796232167669e+00,2.880148488840591180e-03
1.411191000000000258e+03,-1.047197551196621390e-02,1.060287520586555177e+00,1.152449599209131583e-03
1.414142000000000280e+03,0.000000000000000000e+00,1.060287520586555177e+00,3.545015406894451996e-07
1.417096000000000231e+03,1.047197551196576981e-02,1.060287520586555177e+00,-1.151563164432163828e-03
1.420053000000000338e+03,1.570796326794887676e-02,1.060287520586555177e+00,-1.727699067996133755e-03
1.423013000000000375e+03,2.094395102393198371e-02,1.060287520586555177e+00,-2.303657900254658768e-03
1.425976000000000340e+03,2.094395102393198371e-02,1.060287520586555177e+00,-2.303834612632518330e-03
1.428942000000000235e+03,2.094395102393198371e-02,1.060287520586555177e+00,-2.303834612632518330e-03
1.431911000000000286e+03,2.094395102393198371e-02,1.060287520586555177e+00,-2.303834612632518330e-03
1.434882000000000289e+03,1.047197551196576981e-02,1.060287520586555177e+00,-1.152269423851943163e-03
1.437856000000000222e+03,5.235987755983551040e-03,1.060287520586555177e+00,-5.761345345070647585e-04
1.440833000000000311e+03,-5.235987755983551040e-03,1.060287520586555177e+00,5.756073624667458607e-04
1.443814000000000306e+03,-2.094395102393153962e-02,1.060287520586555177e+00,2.303308206356733789e-03
1.446798000000000229e+03,-3.141592653589775352e-02,1.060287520586555177e+00,3.455401333896460266e-03
1.449785000000000309e+03,-4.188790204786396743e-02,1.060287520586555177e+00,4.607318991970321860e-03
1.452775000000000318e+03,-5.235987755982973724e-02,1.060287520586555177e+00,5.759236766200109478e-03
1.455769000000000233e+03,-5.235987755982973724e-02,1.064127244940942685e+00,5.759586531581270888e-03
1.458766000000000304e+03,-5.235987755982973724e-02,1.068141502220529615e+00,5.759586531581270888e-03
1.461766000000000304e+03,-5.235987755982973724e-02,1.072155759500116545e+00,5.759586531581270888e-03
1.464769000000000233e+03,-5.235987755982973724e-02,1.075995483854504275e+00,5.759586531581270888e-03
1.467775000000000318e+03,-4.712388980384663029e-02,1.080009741134091206e+00,5.183801889315650668e-03
1.470784000000000333e+03,-3.665191429188086047e-02,1.083849465488478714e+00,4.032058247256694108e-03
1.473796000000000276e+03,-3.141592653589775352e-02,1.087863722768065644e+00,3.455925583550941392e-03
1.476811000000000377e+03,-1.570796326794887676e-02,1.091703447122452930e+00,1.728396435394454313e-03
1.479829000000000406e+03,-5.235987755983551040e-03,1.091703447122452930e+00,5.763052925329659962e-04
1.482850000000000364e+03,0.000000000000000000e+00,1.091703447122452930e+00,1.731477432534243207e-07
1.485874000000000251e+03,1.047197551196576981e-02,1.091703447122452930e+00,-1.151571354036354808e-03
1.488901000000000295e+03,1.047197551196576981e-02,1.091703447122452930e+00,-1.151917306316234662e-03
1.491931000000000267e+03,1.047197551196576981e-02,1.091703447122452930e+00,-1.151917306316234662e-03
1.494964000000000169e+03,1.047197551196576981e-02,1.091703447122452930e+00,-1.151917306316234662e-03
1.498000000000000227e+03,5.235987755983551040e-03,1.091703447122452930e+00,-5.761309462728989072e-04
1.501039000000000215e+03,0.000000000000000000e+00,1.091703447122452930e+00,-1.721232003939365972e-07
1.504081000000000131e+03,-1.047197551196621390e-02,1.091703447122452930e+00,1.151573399074511421e-03
1.507126000000000204e+03,-2.617993877991509066e-02,1.091703447122452930e+00,2.879277912665071087e-03
1.510174000000000206e+03,-3.665191429188086047e-02,1.091703447122452930e+00,4.031367341182215402e-03
1.513225000000000136e+03,-4.712388980384663029e-02,1.091703447122452930e+00,5.183285096900642173e-03
1.516280000000000200e+03,-5.759586531581284419e-02,1.095717704402040082e+00,6.335202739497032901e-03
1.519338000000000193e+03,-6.283185307179595114e-02,1.099557428756427591e+00,6.911332783086839363e-03
1.522399000000000115e+03,-6.806784082777905809e-02,1.103397153110815099e+00,7.487291603726845511e-03
1.525463000000000193e+03,-7.330382858376127686e-02,1.107411410390402029e+00,8.063250424039108619e-03
1.528530000000000200e+03,-7.853981633974482790e-02,1.111425667669988959e+00,8.639209244024831716e-03
1.531600000000000136e+03,-7.853981633974482790e-02,1.119105116378764198e+00,8.639379797371931485e-03
1.534674000000000206e+03,-8.377580409572837894e-02,1.126959098012738414e+00,9.215168285182186170e-03
1.537751000000000204e+03,-8.901179185171104180e-02,1.134813079646713074e+00,9.791127104085748864e-03
1.540831000000000131e+03,-9.424777960769370466e-02,1.142667061280687513e+00,1.036708592266674320e-02
1.543914000000000215e+03,-1.047197551196599186e-01,1.150695575839861595e+00,1.151883372500601271e-02
1.547000000000000227e+03,-1.151917306316256884e-01,1.158375024548636611e+00,1.267075136088342303e-02
1.550089000000000169e+03,-1.204277183876087953e-01,1.166229006182610828e+00,1.324687968280009905e-02
1.553181000000000267e+03,-1.256637061435919023e-01,1.178097245096172418e+00,1.382283850010024469e-02
1.556276000000000295e+03,-1.256637061435919023e-01,1.189965484009734009e+00,1.382300767579510911e-02
1.559374000000000251e+03,-1.256637061435919023e-01,1.201659189998095734e+00,1.382300767579510911e-02
1.562475000000000364e+03,-1.308996938995745651e-01,1.213352895986457902e+00,1.439879764378065169e-02
1.565579000000000406e+03,-1.308996938995745651e-01,1.225221134900019271e+00,1.439896632895320064e-02
1.568686000000000377e+03,-1.361356816555581162e-01,1.236914840888381439e+00,1.497475662237647380e-02
1.571796000000000276e+03,-1.413716694115407790e-01,1.248783079801942808e+00,1.555071543778294672e-02
1.574909000000000333e+03,-1.466076571675234419e-01,1.260476785790304755e+00,1.612667425287700115e-02
1.578025000000000318e+03,-1.518436449235061048e-01,1.272345024703866345e+00,1.670263306765954262e-02
1.581144000000000233e+03,-1.570796326794896558e-01,1.284038730692228070e+00,1.727859188213156511e-02
1.584266000000000304e+03,-1.623156204354732068e-01,1.295906969605789660e+00,1.785455069629385966e-02
1.587391000000000304e+03,-1.623156204354732068e-01,1.307775208519351251e+00,1.785471824790205164e-02
1.590519000000000233e+03,-1.675516081914554256e-01,1.319468914507712975e+00,1.843050967053451450e-02
1.593650000000000318e+03,-1.675516081914554256e-01,1.331162620496075144e+00,1.843067690106009807e-02
1.596784000000000333e+03,-1.727875959474385326e-01,1.343030859409636513e+00,1.900646864354701981e-02
1.599921000000000276e+03,-1.780235837034216395e-01,1.354724565397998681e+00,1.958242745617396613e-02
1.603061000000000377e+03,-1.884955592153874093e-01,1.366592804311559828e+00,2.073417843559108992e-02
1.606205000000000382e+03,-1.989675347273536232e-01,1.382300767579509149e+00,2.188609605942700570e-02
1.609352000000000317e+03,-2.042035224833367302e-01,1.393994473567871095e+00,2.246222125133351746e-02
1.612502000000000407e+03,-2.094395102393193930e-01,1.405862712481432464e+00,2.303818006264749321e-02
1.615655000000000427e+03,-2.146754979953029441e-01,1.417556418469794410e+00,2.361413887366088996e-02
1.618811000000000377e+03,-2.251474735072682698e-01,1.429424657383355779e+00,2.476589069416938391e-02
1.621971000000000458e+03,-2.356194490192344837e-01,1.441118363371717948e+00,2.591780831479957581e-02
1.625134000000000469e+03,-2.460914245312002535e-01,1.452986602285279316e+00,2.706972593483405326e-02
1.628300000000000409e+03,-2.565634000431664674e-01,1.464854841198840907e+00,2.822164355427459956e-02
1.631469000000000506e+03,-2.617993877991495744e-01,1.476548547187202853e+00,2.879776758893558275e-02
1.634641000000000531e+03,-2.670353755551326813e-01,1.488242253175564800e+00,2.937372639806440366e-02
1.637816000000000486e+03,-2.722713633111153442e-01,1.500110492089126168e+00,2.994968520689871017e-02
1.640994000000000597e+03,-2.827433388230815581e-01,1.511804198077488337e+00,3.110143806665616878e-02
1.644175000000000637e+03,-2.932153143350477720e-01,1.523672436991049706e+00,3.225335568315199075e-02
1.647359000000000606e+03,-3.036872898470135418e-01,1.535366142979411652e+00,3.340527329906380072e-02
1.650546000000000504e+03,-3.141592653589793116e-01,1.547234381892973243e+00,3.455719091439330565e-02
1.653736000000000558e+03,-3.193952531149624186e-01,1.558928087881334967e+00,3.513331385931495188e-02
1.656929000000000542e+03,-3.246312408709455255e-01,1.570796326794896558e+00,3.570927266639987996e-02
1.660125000000000455e+03,-3.298672286269281884e-01,1.582664565708457927e+00,3.628523147319604597e-02
1.663324000000000524e+03,-3.351032163829112953e-01,1.594358271696820095e+00,3.686119027970438666e-02
1.666526000000000522e+03,-3.455751918948775092e-01,1.606051977685181820e+00,3.801294436973100266e-02
1.669731000000000449e+03,-3.560471674068432790e-01,1.617920216598743632e+00,3.916486198160089999e-02
1.672939000000000533e+03,-3.612831551628259419e-01,1.629613922587105579e+00,3.974098400382627266e-02
1.676150000000000546e+03,-3.665191429188090488e-01,1.641482161500666948e+00,4.031694280919108364e-02
1.679364000000000487e+03,-3.717551306747921558e-01,1.653175867489029116e+00,4.089290161427202447e-02
1.682581000000000586e+03,-3.769911184307748186e-01,1.665044106402590485e+00,4.146886041906983067e-02
1.685801000000000613e+03,-3.926990816987241395e-01,1.680752069670539139e+00,4.319641176715531550e-02
1.689025000000000546e+03,-4.031710572106899093e-01,1.692445775658901086e+00,4.434849178200415271e-02
1.692252000000000635e+03,-4.136430327226556791e-01,1.704314014572462899e+00,4.550040938972395310e-02
1.695482000000000653e+03,-4.188790204786392302e-01,1.716007720560824623e+00,4.607653034826700994e-02
1.698716000000000577e+03,-4.241150082346223371e-01,1.727875959474386436e+00,4.665248915147555964e-02
1.701953000000000657e+03,-4.345869837465881069e-01,1.739744198387947804e+00,4.780424500300395341e-02
1.705193000000000666e+03,-4.450589592585538767e-01,1.751437904376309529e+00,4.895616260831105182e-02
1.708436000000000604e+03,-4.607669225265031976e-01,1.763131610364671475e+00,5.068387756037782965e-02
1.711682000000000698e+03,-4.712388980384689674e-01,1.774999849278233288e+00,5.183595647042697763e-02
1.714931000000000722e+03,-4.817108735504347372e-01,1.786693555266595235e+00,5.298787407408066252e-02
1.718183000000000675e+03,-4.921828490624005070e-01,1.798561794180156381e+00,5.413979167718626501e-02
1.721438000000000784e+03,-4.974188368183840581e-01,1.810255500168518550e+00,5.471591133830474435e-02
1.724696000000000822e+03,-5.131268000863329348e-01,1.822123739082080141e+00,5.644346631789073920e-02
1.727957000000000789e+03,-5.235987755982987046e-01,1.833817445070441865e+00,5.759554448322977416e-02
1.731221000000000686e+03,-5.393067388662480255e-01,1.845685683984003456e+00,5.932326046833080735e-02
